Customer_ID,CALLS_CC,CALLS_TO_CC,CALLS_FROM_CC,TECH_OTH_CALL_CC,MANAGING_APPLICATION_CC,COMPLAINTS_CC,INFO_APPLIC_CC,INFO_CANCELATION_CC,WRITTEN_COMPLAINTS,CONGRATSULATION,TECHNICAL Web_Site  PROBLEMS,Month
5,5,3,2,0,0,0,0,0,0,0,0,Mar
13,5,5,0,0,0,0,0,0,0,0,0,Mar
16,0,0,0,0,0,0,0,0,0,0,0,Mar
52,2,1,1,0,0,0,0,0,0,0,2,Mar
65,2,2,0,0,0,0,0,0,0,0,0,Mar
105,0,0,0,0,0,0,0,0,0,0,0,Mar
109,1,1,0,0,0,0,0,0,0,0,0,Mar
132,8,6,2,0,0,0,0,0,0,0,4,Mar
141,6,3,3,0,0,0,0,0,0,0,2,Mar
151,2,1,1,0,0,0,0,0,0,0,0,Mar
188,0,0,0,0,0,0,0,0,0,0,0,Mar
196,4,3,1,0,0,0,0,0,0,0,2,Mar
202,0,0,0,0,0,0,0,0,0,0,0,Mar
237,0,0,0,0,0,0,0,0,0,0,0,Mar
247,0,0,0,0,0,0,0,0,0,0,0,Mar
275,0,0,0,0,0,0,0,0,0,0,0,Mar
288,0,0,0,0,0,0,0,0,0,0,0,Mar
307,6,2,1,0,0,0,0,0,0,0,2,Mar
315,16,8,8,0,0,0,0,0,0,0,4,Mar
332,6,3,3,0,0,0,0,0,0,0,6,Mar
342,0,0,0,0,0,0,0,0,0,0,0,Mar
374,8,5,3,0,0,0,0,0,0,0,0,Mar
399,24,12,12,0,0,0,0,0,0,0,0,Mar
401,4,2,2,0,0,0,0,0,0,0,4,Mar
451,3,2,1,0,0,0,0,0,0,0,2,Mar
882,4,3,1,0,0,0,0,0,0,0,2,Mar
942,0,0,0,0,0,0,0,0,0,0,0,Mar
1004,2,1,1,0,0,0,0,0,0,0,0,Mar
1280,3,2,1,0,0,0,0,0,0,2,0,Mar
1329,0,0,0,0,0,0,0,0,0,0,0,Mar
1331,0,0,0,0,0,0,0,0,0,0,0,Mar
1367,2,2,0,0,0,0,0,0,0,0,0,Mar
1499,2,2,0,0,0,0,0,0,0,0,0,Mar
2207,8,4,4,0,0,0,0,0,0,0,8,Mar
2544,4,2,2,0,0,0,0,0,0,0,0,Mar
2580,0,0,0,0,0,0,0,0,0,0,0,Mar
3102,0,0,0,0,0,0,0,0,0,0,0,Mar
3121,0,0,0,0,0,0,0,0,0,0,0,Mar
3188,0,0,0,0,0,0,0,0,0,0,0,Mar
3264,0,0,0,0,0,0,0,0,0,0,0,Mar
3347,2,2,0,0,0,0,0,0,0,0,0,Mar
3348,2,2,0,0,0,0,0,0,0,0,0,Mar
3357,2,2,0,0,0,0,0,0,0,0,0,Mar
3416,3,2,1,0,0,0,1,0,0,0,2,Mar
3434,2,1,1,0,0,0,0,0,0,0,0,Mar
3538,10,6,4,0,0,0,0,0,0,2,4,Mar
3679,0,0,0,0,0,0,0,0,0,0,0,Mar
3689,6,6,0,0,0,0,0,0,0,0,0,Mar
3759,11,6,5,0,0,0,0,0,0,0,0,Mar
3870,5,4,1,0,0,0,0,0,0,0,0,Mar
3968,4,2,2,0,0,0,0,0,0,0,0,Mar
4152,2,2,0,0,0,0,0,0,0,0,0,Mar
4211,4,3,1,0,0,0,0,0,0,0,2,Mar
4284,0,0,0,0,0,0,0,0,0,0,0,Mar
4977,3,3,0,0,0,0,0,0,0,0,0,Mar
5099,2,1,1,0,0,0,0,0,0,0,0,Mar
5234,4,3,1,0,0,0,0,0,0,0,2,Mar
5491,4,2,2,0,0,0,0,0,0,0,2,Mar
5571,8,4,4,0,0,0,0,0,0,0,6,Mar
5595,4,2,2,0,0,0,0,0,0,0,0,Mar
5668,0,0,0,0,0,0,0,0,0,0,0,Mar
5726,16,10,6,0,0,0,0,0,0,0,0,Mar
5773,0,0,0,0,0,0,0,0,0,0,0,Mar
5819,0,0,0,0,0,0,0,0,0,0,0,Mar
5827,0,0,0,0,0,0,0,0,0,0,0,Mar
5872,2,1,1,0,0,0,0,0,0,0,0,Mar
6002,4,4,0,0,0,0,0,0,0,0,0,Mar
6077,2,1,1,0,0,0,0,0,0,0,0,Mar
6279,2,1,1,0,0,0,0,0,0,0,2,Mar
6386,2,1,1,0,0,0,0,0,0,0,0,Mar
6389,13,10,3,0,0,0,0,0,0,0,0,Mar
6760,4,3,1,0,0,0,0,0,0,0,2,Mar
6818,6,3,3,0,0,0,0,0,0,0,6,Mar
6823,0,0,0,0,0,0,0,0,0,0,0,Mar
6855,0,0,0,0,0,0,0,0,0,0,0,Mar
6956,1,1,0,0,0,0,0,0,0,0,0,Mar
6967,1,1,0,0,0,0,0,0,0,0,0,Mar
7071,10,4,6,0,0,0,0,0,0,0,10,Mar
7133,3,2,1,0,0,0,0,0,0,0,0,Mar
7278,0,0,0,0,0,0,0,0,0,0,0,Mar
7533,1,1,0,0,0,0,0,0,0,0,0,Mar
7953,3,2,1,0,0,0,0,0,0,0,2,Mar
8320,0,0,0,0,0,0,0,0,0,0,0,Mar
8520,2,1,1,0,0,0,0,0,0,0,0,Mar
8526,0,0,0,0,0,0,0,0,0,0,0,Mar
8779,6,3,3,0,0,0,0,0,0,0,6,Mar
8991,0,0,0,0,0,0,0,0,0,0,0,Mar
9107,2,1,1,0,0,0,0,0,0,0,1,Mar
9124,0,0,0,0,0,0,0,0,0,0,0,Mar
9315,0,0,0,0,0,0,0,0,0,0,0,Mar
9323,2,2,0,0,0,0,0,0,0,0,0,Mar
9333,10,6,4,0,2,0,0,0,0,0,0,Mar
9378,0,0,0,0,0,0,0,0,0,0,0,Mar
9690,0,0,0,0,0,0,0,0,0,0,0,Mar
10603,4,2,2,0,0,0,0,0,0,0,0,Mar
11344,0,0,0,0,0,0,0,0,0,0,0,Mar
11530,2,1,1,0,0,0,0,0,0,0,2,Mar
11619,2,1,1,0,0,0,0,0,0,0,0,Mar
11624,8,4,4,0,0,0,0,0,0,0,8,Mar
11887,21,18,3,0,0,0,0,0,0,0,6,Mar
11955,2,1,1,0,0,0,0,0,0,0,0,Mar
13022,2,2,0,0,0,0,0,0,0,0,0,Mar
13073,2,1,1,0,0,0,0,0,0,0,0,Mar
13910,2,1,1,0,0,0,0,0,0,0,2,Mar
13921,1,1,0,0,0,0,0,0,0,0,0,Mar
14542,4,3,1,0,1,0,0,0,0,0,2,Mar
14604,2,1,1,0,0,0,0,0,0,0,2,Mar
15621,0,0,0,0,0,0,0,0,0,0,0,Mar
15654,0,0,0,0,0,0,0,0,0,0,0,Mar
15785,8,4,4,0,0,0,0,0,0,0,4,Mar
16004,0,0,0,0,0,0,0,0,0,0,0,Mar
16128,1,1,0,0,0,0,0,0,0,0,0,Mar
16157,6,3,3,0,0,0,0,0,0,0,0,Mar
16253,6,3,3,0,0,0,0,0,0,0,0,Mar
16514,0,0,0,0,0,0,0,0,0,0,0,Mar
16678,0,0,0,0,0,0,0,0,0,0,0,Mar
16775,4,2,2,0,0,0,0,0,0,0,0,Mar
16924,4,2,2,0,0,0,0,0,0,0,4,Mar
17196,3,2,1,0,0,0,0,0,0,0,2,Mar
17359,0,0,0,0,0,0,0,0,0,0,0,Mar
17823,2,1,1,0,0,0,0,0,0,0,2,Mar
17917,2,1,1,0,0,0,0,0,0,0,2,Mar
17968,0,0,0,0,0,0,0,0,0,0,0,Mar
18045,0,0,0,0,0,0,0,0,0,0,0,Mar
18067,3,2,1,0,0,0,0,0,0,0,0,Mar
18081,4,2,2,0,0,0,0,0,0,0,4,Mar
18099,0,0,0,0,0,0,0,0,0,0,0,Mar
18117,0,0,0,0,0,0,0,0,0,0,0,Mar
26507,2,1,1,0,0,0,0,0,0,0,0,Mar
26540,0,0,0,0,0,0,0,0,0,0,0,Mar
26576,0,0,0,0,0,0,0,0,0,0,0,Mar
26659,36,18,18,0,0,0,0,0,0,0,4,Mar
26730,0,0,0,0,0,0,0,0,0,0,0,Mar
26747,4,2,2,0,0,0,0,0,0,0,2,Mar
27055,2,1,1,0,0,0,0,0,0,0,2,Mar
27206,5,3,2,0,0,0,0,0,0,0,0,Mar
27323,0,0,0,0,0,0,0,0,0,0,0,Mar
27510,0,0,0,0,0,0,0,0,0,0,0,Mar
27635,12,6,6,0,0,0,0,0,0,0,12,Mar
27810,0,0,0,0,0,0,0,0,0,0,0,Mar
27828,0,0,0,0,0,0,0,0,0,0,0,Mar
27903,2,1,1,0,0,0,0,0,0,0,0,Mar
27956,5,4,1,0,0,0,0,0,0,0,2,Mar
27999,0,0,0,0,0,0,0,0,0,0,0,Mar
28325,2,2,0,0,0,0,0,0,0,0,0,Mar
28331,0,0,0,0,0,0,0,0,0,0,0,Mar
28350,2,2,0,0,0,0,0,0,0,0,0,Mar
28368,0,0,0,0,0,0,0,0,0,0,0,Mar
28395,0,0,0,0,0,0,0,0,0,0,0,Mar
28429,0,0,0,0,0,0,0,0,0,0,0,Mar
28751,0,0,0,0,0,0,0,0,0,0,0,Mar
29183,0,0,0,0,0,0,0,0,0,0,0,Mar
29449,4,2,2,0,0,0,0,0,0,0,0,Mar
29526,4,2,2,0,0,0,0,0,0,0,4,Mar
29950,2,1,1,0,0,0,0,0,0,0,2,Mar
30117,0,0,0,0,0,0,0,0,0,0,0,Mar
30290,0,0,0,0,0,0,0,0,0,0,0,Mar
31266,2,1,1,0,0,0,0,0,0,0,2,Mar
31476,0,0,0,0,0,0,0,0,0,0,0,Mar
31512,0,0,0,0,0,0,0,0,0,0,0,Mar
31517,2,1,1,0,0,0,0,0,0,0,0,Mar
31602,0,0,0,0,0,0,0,0,0,0,0,Mar
31680,1,1,0,0,0,0,0,0,0,0,0,Mar
31855,2,2,0,0,0,0,0,0,0,0,0,Mar
31885,1,1,0,0,0,0,0,0,0,0,0,Mar
32070,0,0,0,0,0,0,0,0,0,0,0,Mar
32157,10,5,5,0,0,0,0,0,0,0,0,Mar
32982,3,2,1,0,0,0,1,0,0,0,2,Mar
33107,2,1,1,0,0,0,0,0,0,0,2,Mar
33124,0,0,0,0,0,0,0,0,0,0,0,Mar
33407,0,0,0,0,0,0,0,0,0,0,0,Mar
33479,0,0,0,0,0,0,0,0,0,0,0,Mar
33507,0,0,0,0,0,0,0,0,0,0,0,Mar
33543,0,0,0,0,0,0,0,0,0,0,0,Mar
33675,0,0,0,0,0,0,0,0,0,0,0,Mar
33728,2,1,1,0,0,0,0,0,0,0,2,Mar
33940,10,10,0,0,0,0,2,0,0,0,0,Mar
34434,4,4,0,0,0,0,0,0,0,0,0,Mar
34469,4,3,1,0,0,0,0,0,0,0,0,Mar
34573,12,6,6,0,0,0,0,0,0,0,4,Mar
34605,0,0,0,0,0,0,0,0,0,0,0,Mar
34635,6,6,0,0,0,0,0,0,0,0,0,Mar
34642,0,0,0,0,0,0,0,0,0,0,0,Mar
34703,0,0,0,0,0,0,0,0,0,0,0,Mar
34708,0,0,0,0,0,0,0,0,0,0,0,Mar
34736,0,0,0,0,0,0,0,0,0,0,0,Mar
34875,1,1,0,0,0,0,0,0,0,0,0,Mar
35119,2,1,1,0,0,0,0,0,0,0,2,Mar
35192,0,0,0,0,0,0,0,0,0,0,0,Mar
35287,6,3,3,0,0,0,0,0,0,0,0,Mar
35328,0,0,0,0,0,0,0,0,0,0,0,Mar
35423,20,16,4,0,2,0,6,0,0,0,4,Mar
35458,2,1,1,0,0,0,0,0,0,0,0,Mar
35529,2,1,1,0,0,0,0,0,0,0,0,Mar
35736,1,1,0,0,0,0,0,0,0,0,0,Mar
35793,3,3,0,0,0,0,0,0,0,0,0,Mar
35879,3,2,0,0,0,0,0,0,0,0,0,Mar
35900,5,2,2,0,0,0,0,0,0,0,0,Mar
35954,1,1,0,0,0,0,0,0,0,0,0,Mar
36061,0,0,0,0,0,0,0,0,0,0,0,Mar
36412,0,0,0,0,0,0,0,0,0,0,0,Mar
36437,1,1,0,0,0,0,0,0,0,0,0,Mar
36527,0,0,0,0,0,0,0,0,0,0,0,Mar
36542,4,2,2,0,0,0,0,0,0,0,0,Mar
36576,2,1,1,0,0,0,0,0,0,0,0,Mar
36601,0,0,0,0,0,0,0,0,0,0,0,Mar
36650,4,2,2,0,0,0,0,0,0,0,0,Mar
36864,6,3,3,0,0,0,0,0,0,0,6,Mar
36991,7,5,2,0,0,0,0,0,0,0,4,Mar
37057,0,0,0,0,0,0,0,0,0,0,0,Mar
37325,21,11,10,0,0,0,0,0,0,0,4,Mar
37338,6,3,3,0,0,0,0,0,0,0,0,Mar
37370,6,4,2,0,0,0,0,0,0,0,4,Mar
37393,4,2,2,0,0,0,0,0,0,0,0,Mar
37395,0,0,0,0,0,0,0,0,0,0,0,Mar
37421,27,15,12,0,0,0,0,0,0,0,24,Mar
37559,8,4,4,0,0,0,0,0,0,0,0,Mar
37583,2,1,1,0,0,0,0,0,0,0,0,Mar
37593,14,7,7,0,0,0,0,0,0,0,0,Mar
37600,2,2,0,0,0,0,0,0,0,0,0,Mar
37761,2,2,0,0,0,0,0,0,0,0,0,Mar
37825,0,0,0,0,0,0,0,0,0,0,0,Mar
37870,0,0,0,0,0,0,0,0,0,0,0,Mar
37932,0,0,0,0,0,0,0,0,0,0,0,Mar
37934,2,1,1,0,0,0,0,0,0,0,0,Mar
38099,4,2,2,0,0,0,0,0,0,0,0,Mar
38236,0,0,0,0,0,0,0,0,0,0,0,Mar
38332,8,4,4,0,0,0,0,0,0,0,4,Mar
38908,0,0,0,0,0,0,0,0,0,0,0,Mar
38919,2,2,0,0,0,0,0,0,0,0,0,Mar
38981,4,2,2,0,0,0,0,0,0,0,4,Mar
38987,1,0,1,0,0,0,0,0,0,0,1,Mar
38988,2,1,1,0,0,0,0,0,0,0,0,Mar
38994,2,2,0,0,0,0,0,0,0,0,0,Mar
39013,0,0,0,0,0,0,0,0,0,0,0,Mar
39020,8,5,3,0,0,0,0,0,0,0,2,Mar
39128,2,1,1,0,0,0,0,0,0,0,2,Mar
39145,10,8,2,0,0,0,0,0,0,0,4,Mar
39537,16,8,8,0,0,0,0,0,0,0,2,Mar
39570,3,2,1,0,0,0,0,0,0,0,0,Mar
39573,2,2,0,0,0,0,0,0,0,0,0,Mar
39638,0,0,0,0,0,0,0,0,0,0,0,Mar
39702,0,0,0,0,0,0,0,0,0,0,0,Mar
39709,1,1,0,0,0,0,1,0,0,0,0,Mar
39809,2,2,0,0,0,0,0,0,0,0,0,Mar
39837,4,2,2,0,0,0,0,0,0,0,4,Mar
39838,0,0,0,0,0,0,0,0,0,0,0,Mar
39906,2,2,0,0,0,0,0,0,0,0,0,Mar
40034,2,1,1,0,0,0,0,0,0,0,0,Mar
40042,2,1,1,0,0,0,0,0,0,0,2,Mar
40074,0,0,0,0,0,0,0,0,0,0,0,Mar
40167,2,2,0,0,0,0,0,0,0,0,0,Mar
40442,4,2,2,0,0,0,0,0,0,0,0,Mar
40577,3,2,1,0,0,0,0,0,0,0,2,Mar
40606,3,3,0,0,0,0,0,0,0,0,0,Mar
40702,0,0,0,0,0,0,0,0,0,0,0,Mar
40774,0,0,0,0,0,0,0,0,0,0,0,Mar
40806,0,0,0,0,0,0,0,0,0,0,0,Mar
40845,1,1,0,0,0,0,0,0,0,0,0,Mar
40877,0,0,0,0,0,0,0,0,0,0,0,Mar
40938,0,0,0,0,0,0,0,0,0,0,0,Mar
40952,0,0,0,0,0,0,0,0,0,0,0,Mar
40993,0,0,0,0,0,0,0,0,0,0,0,Mar
41022,2,1,1,0,0,0,0,0,0,0,2,Mar
41097,0,0,0,0,0,0,0,0,0,0,0,Mar
41161,3,2,1,0,0,0,0,0,0,0,2,Mar
41162,2,1,1,0,0,0,0,0,0,0,2,Mar
41190,0,0,0,0,0,0,0,0,0,0,0,Mar
41274,8,4,4,0,0,0,0,0,0,0,8,Mar
41285,4,2,2,0,0,0,0,0,0,0,4,Mar
41325,2,2,0,0,0,0,1,0,1,0,0,Mar
41347,0,0,0,0,0,0,0,0,0,0,0,Mar
41379,2,1,1,0,0,0,0,0,0,0,2,Mar
41394,2,1,1,0,0,0,0,0,0,0,0,Mar
41443,5,3,2,0,0,0,0,0,0,0,2,Mar
41481,12,7,5,0,0,0,0,0,0,0,10,Mar
41491,2,1,1,0,0,0,0,0,0,0,2,Mar
41498,2,1,1,0,0,0,0,0,0,0,2,Mar
41547,0,0,0,0,0,0,0,0,0,0,0,Mar
41575,0,0,0,0,0,0,0,0,0,0,0,Mar
41579,4,2,2,0,0,0,0,0,0,0,0,Mar
41637,3,2,1,0,0,0,0,0,0,0,2,Mar
41683,11,10,1,0,0,0,9,2,0,0,0,Mar
41696,0,0,0,0,0,0,0,0,0,0,0,Mar
41741,0,0,0,0,0,0,0,0,0,0,0,Mar
41790,20,12,8,0,0,0,0,0,0,0,14,Mar
41791,3,3,0,0,0,0,0,0,0,0,0,Mar
41819,0,0,0,0,0,0,0,0,0,0,0,Mar
41897,0,0,0,0,0,0,0,0,0,0,0,Mar
42018,0,0,0,0,0,0,0,0,0,0,0,Mar
42023,4,4,0,0,0,0,0,0,0,0,0,Mar
42032,8,6,2,0,0,0,0,0,0,0,4,Mar
42037,28,14,14,0,0,0,0,0,0,0,4,Mar
42074,6,4,2,0,0,0,0,0,0,0,0,Mar
42196,4,2,2,0,0,0,0,0,0,0,0,Mar
42360,2,2,0,0,0,0,0,0,0,0,0,Mar
42400,0,0,0,0,0,0,0,0,0,0,0,Mar
43712,0,0,0,0,0,0,0,0,0,0,0,Mar
43795,0,0,0,0,0,0,0,0,0,0,0,Mar
43805,2,1,1,0,0,0,0,0,0,0,0,Mar
43966,0,0,0,0,0,0,0,0,0,0,0,Mar
44215,1,1,0,0,0,0,0,0,0,0,0,Mar
44317,0,0,0,0,0,0,0,0,0,0,0,Mar
45503,0,0,0,0,0,0,0,0,0,0,0,Mar
45550,0,0,0,0,0,0,0,0,0,0,0,Mar
45588,6,4,2,0,1,0,0,0,0,0,2,Mar
45606,0,0,0,0,0,0,0,0,0,0,0,Mar
45639,0,0,0,0,0,0,0,0,0,0,0,Mar
45669,12,10,2,0,0,0,0,0,2,0,4,Mar
45865,6,5,1,0,0,0,0,0,0,0,2,Mar
45913,0,0,0,0,0,0,0,0,0,0,0,Mar
46077,0,0,0,0,0,0,0,0,0,0,0,Mar
46145,10,5,5,0,0,0,0,0,0,0,6,Mar
46180,0,0,0,0,0,0,0,0,0,0,0,Mar
46206,2,1,1,0,0,0,0,0,0,0,2,Mar
46210,0,0,0,0,0,0,0,0,0,0,0,Mar
46213,0,0,0,0,0,0,0,0,0,0,0,Mar
46376,0,0,0,0,0,0,0,0,0,0,0,Mar
46377,4,2,2,0,0,0,0,0,0,0,0,Mar
46423,5,5,0,0,0,0,0,0,2,0,0,Mar
46655,2,1,1,0,0,0,0,0,0,0,0,Mar
46719,2,1,1,0,0,0,0,0,0,2,0,Mar
46924,0,0,0,0,0,0,0,0,0,0,0,Mar
46975,4,3,1,0,0,0,0,0,0,0,0,Mar
47013,5,3,2,0,0,0,0,0,0,0,2,Mar
47082,0,0,0,0,0,0,0,0,0,0,0,Mar
47165,0,0,0,0,0,0,0,0,0,0,0,Mar
47168,4,3,1,0,0,0,0,0,0,0,2,Mar
47176,0,0,0,0,0,0,0,0,0,0,0,Mar
47255,2,2,0,0,0,0,0,0,0,0,0,Mar
47298,0,0,0,0,0,0,0,0,0,0,0,Mar
47300,14,7,7,0,0,0,0,0,0,0,6,Mar
47332,0,0,0,0,0,0,0,0,0,0,0,Mar
47340,4,2,2,0,0,0,0,0,0,0,4,Mar
47366,0,0,0,0,0,0,0,0,0,0,0,Mar
47387,6,6,0,0,0,0,0,0,0,0,0,Mar
47401,12,10,2,0,0,0,0,0,0,0,4,Mar
47430,0,0,0,0,0,0,0,0,0,0,0,Mar
47492,1,1,0,0,0,0,0,0,0,0,0,Mar
47568,0,0,0,0,0,0,0,0,0,0,0,Mar
47595,2,2,0,0,0,0,0,0,0,0,0,Mar
47602,8,5,3,0,0,0,0,0,0,0,2,Mar
47629,3,2,1,0,1,0,0,0,0,0,0,Mar
47727,3,2,1,0,0,0,0,0,0,0,0,Mar
47775,7,4,3,0,0,0,0,0,0,0,2,Mar
48620,0,0,0,0,0,0,0,0,0,0,0,Mar
48656,9,5,4,0,0,0,0,0,0,0,6,Mar
48719,2,1,1,0,0,0,0,0,0,0,2,Mar
48851,35,18,17,0,0,0,0,0,0,0,21,Mar
48883,0,0,0,0,0,0,0,0,0,0,0,Mar
49015,4,2,2,0,0,0,0,0,0,0,2,Mar
49077,0,0,0,0,0,0,0,0,0,0,0,Mar
49404,3,3,0,0,0,0,0,0,0,0,0,Mar
49465,0,0,0,0,0,0,0,0,0,0,0,Mar
49492,2,1,1,0,0,0,0,0,0,0,2,Mar
49601,0,0,0,0,0,0,0,0,0,0,0,Mar
49655,2,1,1,0,0,0,0,0,0,0,0,Mar
49860,4,3,1,0,0,0,0,0,0,0,2,Mar
49888,0,0,0,0,0,0,0,0,0,0,0,Mar
49892,5,4,1,0,0,0,0,0,0,0,0,Mar
49897,2,1,1,0,0,0,0,0,0,0,2,Mar
49911,0,0,0,0,0,0,0,0,0,0,0,Mar
50012,7,5,2,0,0,0,0,0,0,0,2,Mar
50112,0,0,0,0,0,0,0,0,0,0,0,Mar
50207,0,0,0,0,0,0,0,0,0,0,0,Mar
50285,5,3,2,0,0,0,0,0,0,0,0,Mar
51193,3,2,1,0,0,0,0,0,0,0,0,Mar
51216,2,1,1,0,0,0,0,0,0,0,0,Mar
51278,0,0,0,0,0,0,0,0,0,0,0,Mar
51281,5,4,1,0,0,0,0,0,0,0,0,Mar
51349,0,0,0,0,0,0,0,0,0,0,0,Mar
52075,0,0,0,0,0,0,0,0,0,0,0,Mar
52566,0,0,0,0,0,0,0,0,0,0,0,Mar
52584,0,0,0,0,0,0,0,0,0,0,0,Mar
52747,0,0,0,0,0,0,0,0,0,0,0,Mar
52784,4,2,2,0,0,0,0,0,0,0,0,Mar
52833,0,0,0,0,0,0,0,0,0,0,0,Mar
53015,2,1,1,0,0,0,0,0,0,0,2,Mar
53321,0,0,0,0,0,0,0,0,0,0,0,Mar
53428,0,0,0,0,0,0,0,0,0,0,0,Mar
53709,1,1,0,0,0,0,0,0,0,0,0,Mar
54740,4,2,2,0,0,0,0,0,0,0,4,Mar
54767,0,0,0,0,0,0,0,0,0,0,0,Mar
54839,0,0,0,0,0,0,0,0,0,0,0,Mar
54898,1,1,0,0,0,0,0,0,0,0,0,Mar
55003,8,4,4,0,0,0,0,0,0,0,0,Mar
55065,0,0,0,0,0,0,0,0,0,0,0,Mar
55072,2,2,0,0,0,0,0,0,0,0,0,Mar
56227,3,2,1,0,1,0,0,0,0,0,0,Mar
56829,10,6,4,0,0,0,0,0,0,0,2,Mar
56894,18,9,9,0,0,0,0,0,0,0,18,Mar
56901,0,0,0,0,0,0,0,0,0,0,0,Mar
56919,0,0,0,0,0,0,0,0,0,0,0,Mar
56951,2,1,1,0,0,0,0,0,0,0,2,Mar
57030,0,0,0,0,0,0,0,0,0,0,0,Mar
57098,0,0,0,0,0,0,0,0,0,0,0,Mar
57176,4,2,2,0,0,0,0,0,0,0,0,Mar
57230,8,4,4,0,0,0,0,0,0,0,8,Mar
57251,0,0,0,0,0,0,0,0,0,0,0,Mar
57396,5,3,2,0,0,0,0,0,0,0,4,Mar
57571,6,3,3,0,0,0,0,0,0,0,6,Mar
57615,0,0,0,0,0,0,0,0,0,0,0,Mar
57706,36,30,6,0,0,0,0,0,0,0,0,Mar
57874,2,2,0,0,0,0,0,0,0,0,0,Mar
57891,4,2,2,0,0,0,0,0,0,0,0,Mar
57893,2,2,0,0,0,0,0,0,0,0,0,Mar
57906,2,2,0,0,0,0,0,0,0,0,0,Mar
57999,4,2,2,0,0,0,0,0,0,0,4,Mar
58274,0,0,0,0,0,0,0,0,0,0,0,Mar
58468,0,0,0,0,0,0,0,0,0,0,0,Mar
58494,0,0,0,0,0,0,0,0,0,0,0,Mar
58495,0,0,0,0,0,0,0,0,0,0,0,Mar
58697,8,4,4,0,0,0,0,0,0,0,8,Mar
58712,0,0,0,0,0,0,0,0,0,0,0,Mar
58783,0,0,0,0,0,0,0,0,0,0,0,Mar
58808,0,0,0,0,0,0,0,0,0,0,0,Mar
58809,0,0,0,0,0,0,0,0,0,0,0,Mar
58833,2,1,1,0,0,0,0,0,0,0,0,Mar
58862,2,1,1,0,0,0,0,0,0,0,0,Mar
58882,6,3,3,0,0,0,0,0,0,0,2,Mar
58893,4,2,2,0,0,0,0,0,0,0,4,Mar
58924,1,1,0,0,0,0,0,0,0,0,0,Mar
58946,5,3,2,0,0,0,0,0,0,0,4,Mar
59010,16,9,6,0,0,0,0,0,0,0,0,Mar
59031,0,0,0,0,0,0,0,0,0,0,0,Mar
59040,1,1,0,0,0,0,0,0,0,0,0,Mar
59049,0,0,0,0,0,0,0,0,0,0,0,Mar
59068,3,1,1,0,0,0,0,0,0,0,0,Mar
59078,4,2,2,0,0,0,0,0,0,0,4,Mar
59101,0,0,0,0,0,0,0,0,0,0,0,Mar
59124,2,2,0,0,1,0,1,0,0,0,0,Mar
59315,1,1,0,0,0,0,0,0,0,0,0,Mar
59328,0,0,0,0,0,0,0,0,0,0,0,Mar
59476,0,0,0,0,0,0,0,0,0,0,0,Mar
59602,7,4,3,0,0,0,0,0,0,0,4,Mar
59645,0,0,0,0,0,0,0,0,0,0,0,Mar
59671,22,14,8,0,0,0,0,0,0,0,8,Mar
59713,5,5,0,0,0,0,0,0,0,0,0,Mar
59717,8,5,3,0,0,0,0,0,0,0,2,Mar
59917,2,2,0,0,1,0,0,0,0,0,0,Mar
61175,4,2,2,0,0,0,0,0,0,0,2,Mar
61178,2,1,1,0,0,0,0,0,0,0,2,Mar
61196,2,1,1,0,0,0,0,0,0,0,2,Mar
61279,2,1,1,0,0,0,0,0,0,0,0,Mar
61421,1,1,0,0,1,0,0,0,0,0,0,Mar
61441,1,1,0,0,0,0,0,0,0,0,0,Mar
61447,7,7,0,0,0,0,0,0,0,0,0,Mar
61454,0,0,0,0,0,0,0,0,0,0,0,Mar
61463,0,0,0,0,0,0,0,0,0,0,0,Mar
61470,2,1,1,0,0,0,0,0,0,0,2,Mar
61473,0,0,0,0,0,0,0,0,0,0,0,Mar
61480,0,0,0,0,0,0,0,0,0,0,0,Mar
61486,12,10,2,0,0,0,0,0,0,0,0,Mar
61516,1,1,0,0,0,0,0,0,0,0,0,Mar
61543,0,0,0,0,0,0,0,0,0,0,0,Mar
61756,6,4,2,0,2,0,0,0,0,0,0,Mar
61831,0,0,0,0,0,0,0,0,0,0,0,Mar
61854,0,0,0,0,0,0,0,0,0,0,0,Mar
61873,0,0,0,0,0,0,0,0,0,0,0,Mar
61948,4,2,2,0,0,0,0,0,0,0,4,Mar
62022,4,4,0,0,0,0,0,0,0,0,0,Mar
62145,0,0,0,0,0,0,0,0,0,0,0,Mar
62198,3,2,1,0,0,0,0,0,0,0,2,Mar
62244,0,0,0,0,0,0,0,0,0,0,0,Mar
62348,2,1,1,0,0,0,0,0,0,0,0,Mar
62419,3,1,1,0,0,0,0,0,0,0,2,Mar
62528,0,0,0,0,0,0,0,0,0,0,0,Mar
62928,4,2,2,0,0,0,0,0,0,0,0,Mar
63121,3,2,1,0,0,0,0,0,0,0,2,Mar
63467,0,0,0,0,0,0,0,0,0,0,0,Mar
63551,0,0,0,0,0,0,0,0,0,0,0,Mar
63623,6,3,3,0,0,0,0,0,0,0,4,Mar
63920,3,3,0,0,0,0,0,0,0,0,0,Mar
64119,4,2,2,0,0,0,0,0,0,0,0,Mar
64120,0,0,0,0,0,0,0,0,0,0,0,Mar
64192,2,2,0,0,0,0,0,0,0,0,0,Mar
64226,16,12,4,0,0,0,0,0,2,4,0,Mar
64260,12,6,6,0,0,0,0,0,0,0,8,Mar
64288,0,0,0,0,0,0,0,0,0,0,0,Mar
64391,2,1,1,0,0,0,0,0,0,0,0,Mar
65048,0,0,0,0,0,0,0,0,0,0,0,Mar
65197,0,0,0,0,0,0,0,0,0,0,0,Mar
66077,0,0,0,0,0,0,0,0,0,0,0,Mar
66245,2,2,0,0,0,0,0,0,0,0,0,Mar
66277,12,6,6,0,0,0,0,0,0,0,2,Mar
66645,0,0,0,0,0,0,0,0,0,0,0,Mar
67468,12,8,4,0,0,0,0,0,0,0,0,Mar
67500,6,4,2,0,2,0,0,0,0,0,0,Mar
68189,24,12,12,0,0,0,0,0,0,0,20,Mar
68564,1,1,0,0,0,0,0,0,0,0,0,Mar
68596,0,0,0,0,0,0,0,0,0,0,0,Mar
68747,2,1,1,0,0,0,0,0,0,0,0,Mar
68951,7,5,2,0,0,0,0,0,0,0,4,Mar
69610,4,2,2,0,0,0,0,0,0,0,0,Mar
69792,0,0,0,0,0,0,0,0,0,0,0,Mar
69996,0,0,0,0,0,0,0,0,0,0,0,Mar
70032,0,0,0,0,0,0,0,0,0,0,0,Mar
70128,0,0,0,0,0,0,0,0,0,0,0,Mar
70130,24,12,12,0,0,0,0,0,0,0,0,Mar
70187,4,2,2,0,0,0,0,0,0,0,0,Mar
70213,0,0,0,0,0,0,0,0,0,0,0,Mar
70223,6,4,2,0,0,0,0,0,0,0,0,Mar
70335,1,1,0,0,0,0,0,0,0,0,0,Mar
70338,3,2,1,0,1,0,0,0,0,0,0,Mar
70352,2,1,1,0,0,0,0,0,0,0,0,Mar
70374,0,0,0,0,0,0,0,0,0,0,0,Mar
70400,0,0,0,0,0,0,0,0,0,0,0,Mar
70413,0,0,0,0,0,0,0,0,0,0,0,Mar
70503,0,0,0,0,0,0,0,0,0,0,0,Mar
70564,2,1,1,0,0,0,0,0,0,0,0,Mar
71020,1,1,0,0,0,0,0,0,0,0,0,Mar
71035,6,3,3,0,0,0,0,0,0,0,0,Mar
71056,0,0,0,0,0,0,0,0,0,0,0,Mar
71210,0,0,0,0,0,0,0,0,0,0,0,Mar
71608,0,0,0,0,0,0,0,0,0,0,0,Mar
71735,0,0,0,0,0,0,0,0,0,0,0,Mar
71753,0,0,0,0,0,0,0,0,0,0,0,Mar
71849,2,2,0,0,0,0,0,0,0,0,0,Mar
71914,0,0,0,0,0,0,0,0,0,0,0,Mar
72049,0,0,0,0,0,0,0,0,0,0,0,Mar
72085,0,0,0,0,0,0,0,0,0,0,0,Mar
72178,0,0,0,0,0,0,0,0,0,0,0,Mar
72858,0,0,0,0,0,0,0,0,0,0,0,Mar
73551,2,1,1,0,0,0,0,0,0,0,2,Mar
73590,0,0,0,0,0,0,0,0,0,0,0,Mar
74266,4,2,2,0,0,0,0,0,0,0,4,Mar
74308,2,2,0,0,0,0,0,0,1,0,0,Mar
74651,4,2,2,0,0,0,0,0,0,0,0,Mar
74725,4,3,1,0,0,0,0,0,0,0,0,Mar
74747,3,3,0,0,0,0,0,0,0,0,0,Mar
74783,0,0,0,0,0,0,0,0,0,0,0,Mar
74993,0,0,0,0,0,0,0,0,0,0,0,Mar
75241,0,0,0,0,0,0,0,0,0,0,0,Mar
75397,4,3,1,0,0,0,0,0,0,0,0,Mar
75414,0,0,0,0,0,0,0,0,0,0,0,Mar
75630,2,1,1,0,0,0,0,0,0,0,0,Mar
75901,4,2,2,0,0,0,0,0,0,0,2,Mar
75973,0,0,0,0,0,0,0,0,0,0,0,Mar
75980,0,0,0,0,0,0,0,0,0,0,0,Mar
76114,0,0,0,0,0,0,0,0,0,0,0,Mar
76330,0,0,0,0,0,0,0,0,0,0,0,Mar
76429,0,0,0,0,0,0,0,0,0,0,0,Mar
76466,0,0,0,0,0,0,0,0,0,0,0,Mar
76483,3,3,0,0,0,0,0,0,0,0,0,Mar
77031,15,9,6,0,3,0,0,0,0,0,0,Mar
77375,5,3,2,0,0,0,0,0,0,0,2,Mar
77640,0,0,0,0,0,0,0,0,0,0,0,Mar
78697,8,5,3,0,0,0,0,0,0,0,5,Mar
78733,0,0,0,0,0,0,0,0,0,0,0,Mar
78765,4,4,0,0,0,0,0,0,0,0,0,Mar
78831,7,5,2,0,0,0,0,0,0,0,0,Mar
79079,0,0,0,0,0,0,0,0,0,0,0,Mar
79107,6,5,1,0,0,0,0,0,0,0,0,Mar
79357,0,0,0,0,0,0,0,0,0,0,0,Mar
79399,0,0,0,0,0,0,0,0,0,0,0,Mar
79468,0,0,0,0,0,0,0,0,0,0,0,Mar
79471,8,4,4,0,0,0,0,0,0,0,4,Mar
79507,13,7,6,0,0,0,0,0,0,0,0,Mar
79528,2,1,1,0,0,0,0,0,0,0,0,Mar
79539,0,0,0,0,0,0,0,0,0,0,0,Mar
79544,0,0,0,0,0,0,0,0,0,0,0,Mar
79560,0,0,0,0,0,0,0,0,0,0,0,Mar
79582,2,1,1,0,0,0,0,0,0,0,2,Mar
79601,0,0,0,0,0,0,0,0,0,0,0,Mar
79636,0,0,0,0,0,0,0,0,0,0,0,Mar
79637,0,0,0,0,0,0,0,0,0,0,0,Mar
79668,9,6,3,0,0,0,0,0,0,0,4,Mar
79671,0,0,0,0,0,0,0,0,0,0,0,Mar
79683,6,3,3,0,0,0,0,0,0,0,2,Mar
79744,2,1,1,0,0,0,0,0,0,0,2,Mar
79750,1,1,0,0,0,0,0,0,0,0,0,Mar
79775,0,0,0,0,0,0,0,0,0,0,0,Mar
79801,8,4,4,0,0,0,0,0,0,0,2,Mar
79828,4,2,2,0,0,0,0,0,0,0,4,Mar
79839,7,5,2,0,0,0,0,0,1,0,2,Mar
79853,0,0,0,0,0,0,0,0,0,0,0,Mar
79869,0,0,0,0,0,0,0,0,0,0,0,Mar
79871,0,0,0,0,0,0,0,0,0,0,0,Mar
79880,0,0,0,0,0,0,0,0,0,0,0,Mar
79921,0,0,0,0,0,0,0,0,0,0,0,Mar
79928,0,0,0,0,0,0,0,0,0,0,0,Mar
80022,2,1,1,0,0,0,0,0,0,0,0,Mar
80096,4,2,2,0,0,0,0,0,0,0,4,Mar
80176,6,5,1,0,0,0,0,0,0,0,0,Mar
80248,5,5,0,0,0,0,0,0,0,0,0,Mar
80289,4,2,2,0,0,0,0,0,0,0,4,Mar
80353,0,0,0,0,0,0,0,0,0,0,0,Mar
80366,4,2,2,0,0,0,0,0,0,0,4,Mar
80396,4,2,2,0,0,0,0,0,0,0,4,Mar
80402,0,0,0,0,0,0,0,0,0,0,0,Mar
80477,0,0,0,0,0,0,0,0,0,0,0,Mar
80511,0,0,0,0,0,0,0,0,0,0,0,Mar
80514,2,1,1,0,0,0,0,0,0,0,0,Mar
80527,4,2,2,0,0,0,0,0,0,0,0,Mar
80596,0,0,0,0,0,0,0,0,0,0,0,Mar
80614,5,4,1,0,0,0,0,0,0,0,2,Mar
80692,8,4,4,0,0,0,0,0,0,0,8,Mar
80981,2,1,1,0,0,0,0,0,0,0,0,Mar
81045,0,0,0,0,0,0,0,0,0,0,0,Mar
81146,6,3,3,0,0,0,0,0,0,0,6,Mar
81250,0,0,0,0,0,0,0,0,0,0,0,Mar
81647,0,0,0,0,0,0,0,0,0,0,0,Mar
82265,2,1,1,0,0,0,0,0,0,0,0,Mar
82335,0,0,0,0,0,0,0,0,0,0,0,Mar
82336,6,4,2,0,0,0,0,0,0,0,4,Mar
82372,0,0,0,0,0,0,0,0,0,0,0,Mar
82467,0,0,0,0,0,0,0,0,0,0,0,Mar
83140,0,0,0,0,0,0,0,0,0,0,0,Mar
83181,0,0,0,0,0,0,0,0,0,0,0,Mar
83383,4,2,2,0,0,0,0,0,0,0,2,Mar
83392,0,0,0,0,0,0,0,0,0,0,0,Mar
83513,0,0,0,0,0,0,0,0,0,0,0,Mar
83524,0,0,0,0,0,0,0,0,0,0,0,Mar
84333,0,0,0,0,0,0,0,0,0,0,0,Mar
84369,4,4,0,0,0,0,0,0,0,0,0,Mar
84401,0,0,0,0,0,0,0,0,0,0,0,Mar
84418,0,0,0,0,0,0,0,0,0,0,0,Mar
84444,0,0,0,0,0,0,0,0,0,0,0,Mar
84471,14,8,6,0,0,0,0,0,0,0,8,Mar
84505,2,2,0,0,0,0,0,0,0,0,0,Mar
84562,1,1,0,0,0,0,0,0,0,0,0,Mar
84576,3,2,1,0,0,0,0,0,0,0,2,Mar
84601,6,3,3,0,0,0,0,0,0,0,4,Mar
84673,2,1,1,0,0,0,0,0,0,0,2,Mar
84693,0,0,0,0,0,0,0,0,0,0,0,Mar
84698,0,0,0,0,0,0,0,0,0,0,0,Mar
84737,0,0,0,0,0,0,0,0,0,0,0,Mar
84748,0,0,0,0,0,0,0,0,0,0,0,Mar
84782,0,0,0,0,0,0,0,0,0,0,0,Mar
84799,0,0,0,0,0,0,0,0,0,0,0,Mar
84839,4,2,2,0,0,0,0,0,0,0,0,Mar
84850,0,0,0,0,0,0,0,0,0,0,0,Mar
84899,0,0,0,0,0,0,0,0,0,0,0,Mar
85052,5,3,2,0,0,0,0,0,0,0,0,Mar
85073,0,0,0,0,0,0,0,0,0,0,0,Mar
85099,2,2,0,0,0,0,0,0,0,0,0,Mar
85122,0,0,0,0,0,0,0,0,0,0,0,Mar
85141,0,0,0,0,0,0,0,0,0,0,0,Mar
85148,4,2,2,0,0,0,0,0,0,0,0,Mar
85152,0,0,0,0,0,0,0,0,0,0,0,Mar
85205,3,2,1,0,0,0,0,0,0,0,0,Mar
85216,0,0,0,0,0,0,0,0,0,0,0,Mar
85243,0,0,0,0,0,0,0,0,0,0,0,Mar
85245,2,1,1,0,0,0,0,0,0,0,0,Mar
85273,2,1,1,0,0,0,0,0,0,0,0,Mar
85301,22,16,6,0,0,0,0,0,0,0,4,Mar
85322,2,2,0,0,0,0,0,0,0,0,0,Mar
85375,7,4,3,0,0,0,0,0,0,0,6,Mar
85400,5,5,0,0,0,0,0,0,0,0,0,Mar
85420,2,1,1,0,0,0,0,0,0,0,0,Mar
85458,0,0,0,0,0,0,0,0,0,0,0,Mar
85525,2,1,1,0,0,0,0,0,0,0,2,Mar
85764,14,8,6,0,0,0,0,0,0,0,12,Mar
85777,1,1,0,0,0,0,0,0,0,0,0,Mar
86845,3,2,1,0,0,0,0,0,0,0,2,Mar
86854,0,0,0,0,0,0,0,0,0,0,0,Mar
86911,0,0,0,0,0,0,0,0,0,0,0,Mar
86917,0,0,0,0,0,0,0,0,0,0,0,Mar
86920,1,1,0,0,0,0,0,0,0,0,0,Mar
86973,0,0,0,0,0,0,0,0,0,0,0,Mar
87011,0,0,0,0,0,0,0,0,0,0,0,Mar
87026,4,3,1,0,0,0,0,0,0,0,0,Mar
87124,0,0,0,0,0,0,0,0,0,0,0,Mar
87147,4,2,2,0,0,0,0,0,0,0,0,Mar
87149,3,2,1,0,0,0,0,0,0,0,0,Mar
87186,0,0,0,0,0,0,0,0,0,0,0,Mar
87500,2,2,0,0,0,0,0,0,0,0,0,Mar
87577,0,0,0,0,0,0,0,0,0,0,0,Mar
87656,2,1,1,0,0,0,0,0,0,0,0,Mar
87707,2,1,1,0,0,0,0,0,0,0,2,Mar
87718,8,4,4,0,0,0,0,0,0,0,4,Mar
87732,8,5,3,0,0,0,0,0,0,0,0,Mar
87781,4,2,2,0,0,0,0,0,0,0,2,Mar
87786,8,4,4,0,0,0,0,0,0,0,2,Mar
88037,0,0,0,0,0,0,0,0,0,0,0,Mar
88096,6,3,3,0,0,0,0,0,0,0,2,Mar
88147,0,0,0,0,0,0,0,0,0,0,0,Mar
88208,4,2,2,0,0,0,0,0,0,0,0,Mar
88242,0,0,0,0,0,0,0,0,0,0,0,Mar
88269,0,0,0,0,0,0,0,0,0,0,0,Mar
88347,2,1,1,0,0,0,0,0,0,0,2,Mar
88364,2,1,1,0,0,0,0,0,0,0,0,Mar
88400,1,0,0,0,0,0,0,0,0,0,0,Mar
88468,2,1,1,0,0,0,0,0,0,0,0,Mar
88564,0,0,0,0,0,0,0,0,0,0,0,Mar
88799,6,3,3,0,0,0,0,0,0,0,0,Mar
88909,2,1,1,0,0,0,0,0,0,0,2,Mar
89003,0,0,0,0,0,0,0,0,0,0,0,Mar
89016,0,0,0,0,0,0,0,0,0,0,0,Mar
89700,0,0,0,0,0,0,0,0,0,0,0,Mar
89715,0,0,0,0,0,0,0,0,0,0,0,Mar
90368,4,2,2,0,0,0,0,0,0,0,4,Mar
90395,4,2,2,0,0,0,0,0,0,0,0,Mar
90463,2,1,1,0,0,0,0,0,0,0,2,Mar
90568,1,1,0,0,0,0,0,0,0,0,0,Mar
90631,1,1,0,0,0,0,0,0,0,0,0,Mar
90681,1,1,0,0,0,0,0,0,0,0,0,Mar
92249,0,0,0,0,0,0,0,0,0,0,0,Mar
92652,1,1,0,0,0,0,0,0,0,0,0,Mar
92781,0,0,0,0,0,0,0,0,0,0,0,Mar
92823,2,1,1,0,0,0,0,0,0,0,0,Mar
93643,0,0,0,0,0,0,0,0,0,0,0,Mar
93653,4,2,2,0,0,0,0,0,0,0,4,Mar
93675,0,0,0,0,0,0,0,0,0,0,0,Mar
93690,2,1,1,0,0,0,0,0,0,0,0,Mar
93712,0,0,0,0,0,0,0,0,0,0,0,Mar
93739,0,0,0,0,0,0,0,0,0,0,0,Mar
93746,4,4,0,0,0,0,0,0,0,0,0,Mar
93772,2,2,0,0,0,0,0,0,0,0,0,Mar
93825,2,1,1,0,0,0,0,0,0,0,2,Mar
93850,0,0,0,0,0,0,0,0,0,0,0,Mar
93858,0,0,0,0,0,0,0,0,0,0,0,Mar
93868,0,0,0,0,0,0,0,0,0,0,0,Mar
93879,0,0,0,0,0,0,0,0,0,0,0,Mar
93887,8,5,3,0,0,0,0,2,0,0,2,Mar
93890,0,0,0,0,0,0,0,0,0,0,0,Mar
93893,2,1,1,0,0,0,0,0,0,0,2,Mar
93901,0,0,0,0,0,0,0,0,0,0,0,Mar
93957,2,1,1,0,0,0,0,0,0,0,2,Mar
93969,4,2,2,0,0,0,0,0,0,0,0,Mar
93990,0,0,0,0,0,0,0,0,0,0,0,Mar
94003,0,0,0,0,0,0,0,0,0,0,0,Mar
94029,0,0,0,0,0,0,0,0,0,0,0,Mar
94043,12,6,6,0,0,0,0,0,0,0,0,Mar
94076,2,1,1,0,0,0,0,0,0,0,2,Mar
94080,0,0,0,0,0,0,0,0,0,0,0,Mar
94093,1,1,0,0,0,0,0,0,0,0,0,Mar
94121,4,4,0,0,4,0,0,0,0,0,0,Mar
94150,2,2,0,0,0,0,0,0,0,0,0,Mar
94158,0,0,0,0,0,0,0,0,0,0,0,Mar
94172,0,0,0,0,0,0,0,0,0,0,0,Mar
94175,2,1,1,0,0,0,0,0,0,0,2,Mar
94190,12,6,6,0,0,0,0,0,0,4,0,Mar
94194,4,3,1,0,0,0,0,0,0,0,2,Mar
94204,4,2,2,0,0,0,0,0,0,0,0,Mar
94214,2,2,0,0,0,0,0,0,0,0,0,Mar
94219,8,4,4,0,0,0,0,0,0,0,2,Mar
94227,9,6,3,0,0,0,0,0,0,0,0,Mar
94252,4,4,0,0,0,0,0,0,0,0,0,Mar
94268,0,0,0,0,0,0,0,0,0,0,0,Mar
94281,1,1,0,0,0,0,0,0,0,0,0,Mar
94636,16,8,8,0,0,0,0,0,0,0,2,Mar
94674,0,0,0,0,0,0,0,0,0,0,0,Mar
94761,0,0,0,0,0,0,0,0,0,0,0,Mar
94855,0,0,0,0,0,0,0,0,0,0,0,Mar
94959,0,0,0,0,0,0,0,0,0,0,0,Mar
94995,2,1,1,0,0,0,0,0,0,0,0,Mar
95064,4,2,2,0,0,0,0,0,0,0,2,Mar
95091,8,4,4,0,0,0,0,0,0,0,0,Mar
95151,2,2,0,0,0,0,0,0,0,0,0,Mar
95172,0,0,0,0,0,0,0,0,0,0,0,Mar
95289,2,1,1,0,0,0,0,0,0,0,0,Mar
95318,2,1,1,0,0,0,0,0,0,0,2,Mar
95348,2,1,1,0,0,0,0,0,0,0,2,Mar
95396,0,0,0,0,0,0,0,0,0,0,0,Mar
95425,4,2,2,0,0,0,0,0,0,0,4,Mar
95427,1,0,0,0,0,0,0,0,0,0,0,Mar
95438,0,0,0,0,0,0,0,0,0,0,0,Mar
95445,0,0,0,0,0,0,0,0,0,0,0,Mar
95513,0,0,0,0,0,0,0,0,0,0,0,Mar
95633,4,2,2,0,0,0,0,0,0,0,4,Mar
95635,0,0,0,0,0,0,0,0,0,0,0,Mar
95682,4,4,0,0,0,0,0,0,0,0,0,Mar
95714,5,4,1,0,0,0,0,0,1,0,0,Mar
95764,2,1,1,0,0,0,0,0,0,0,0,Mar
95846,6,3,3,0,0,0,0,0,0,0,6,Mar
95857,0,0,0,0,0,0,0,0,0,0,0,Mar
95870,2,2,0,0,0,0,0,0,0,0,0,Mar
95882,2,2,0,0,0,0,0,0,0,0,0,Mar
95913,2,1,1,0,0,0,0,0,0,0,0,Mar
95931,0,0,0,0,0,0,0,0,0,0,0,Mar
96001,0,0,0,0,0,0,0,0,0,0,0,Mar
96006,4,2,2,0,0,0,0,0,0,0,4,Mar
96035,1,1,0,0,0,0,0,0,0,0,0,Mar
96057,12,6,6,0,0,0,0,0,0,0,0,Mar
96060,2,1,1,0,0,0,0,0,0,0,2,Mar
96082,0,0,0,0,0,0,0,0,0,0,0,Mar
96114,0,0,0,0,0,0,0,0,0,0,0,Mar
96139,4,2,2,0,0,0,0,0,0,0,0,Mar
96181,8,6,2,0,0,0,0,0,0,0,4,Mar
96203,0,0,0,0,0,0,0,0,0,0,0,Mar
96235,9,5,4,0,0,0,0,0,0,0,8,Mar
96250,0,0,0,0,0,0,0,0,0,0,0,Mar
96348,0,0,0,0,0,0,0,0,0,0,0,Mar
96387,0,0,0,0,0,0,0,0,0,0,0,Mar
96394,2,2,0,0,0,0,0,0,0,0,0,Mar
96433,6,3,3,0,0,0,0,0,0,0,0,Mar
96470,0,0,0,0,0,0,0,0,0,0,0,Mar
96533,4,2,2,0,0,0,0,0,0,0,0,Mar
96566,0,0,0,0,0,0,0,0,0,0,0,Mar
96569,0,0,0,0,0,0,0,0,0,0,0,Mar
96598,0,0,0,0,0,0,0,0,0,0,0,Mar
96705,0,0,0,0,0,0,0,0,0,0,0,Mar
96733,0,0,0,0,0,0,0,0,0,0,0,Mar
96783,0,0,0,0,0,0,0,0,0,0,0,Mar
96875,0,0,0,0,0,0,0,0,0,0,0,Mar
97108,4,4,0,0,0,0,0,0,0,0,0,Mar
97258,0,0,0,0,0,0,0,0,0,0,0,Mar
97260,4,2,2,0,0,0,0,0,0,0,2,Mar
97268,16,8,8,0,0,0,0,0,0,0,0,Mar
97275,4,3,1,0,0,0,2,0,0,0,2,Mar
97304,2,1,1,0,0,0,0,0,0,0,2,Mar
97358,4,2,2,0,0,0,0,0,0,0,0,Mar
97364,2,1,1,0,0,0,0,0,0,0,0,Mar
97390,0,0,0,0,0,0,0,0,0,0,0,Mar
97468,0,0,0,0,0,0,0,0,0,0,0,Mar
97556,0,0,0,0,0,0,0,0,0,0,0,Mar
97649,2,1,1,0,0,0,0,0,0,0,2,Mar
97739,4,2,2,0,0,0,0,0,0,0,0,Mar
98330,0,0,0,0,0,0,0,0,0,0,0,Mar
98360,2,1,1,0,0,0,0,0,0,0,0,Mar
98823,2,1,1,0,0,0,0,0,0,0,2,Mar
99053,4,2,2,0,0,0,0,0,0,0,4,Mar
101208,4,2,2,0,0,0,0,0,0,0,2,Mar
101947,0,0,0,0,0,0,0,0,0,0,0,Mar
101983,0,0,0,0,0,0,0,0,0,0,0,Mar
102015,0,0,0,0,0,0,0,0,0,0,0,Mar
102024,2,1,1,0,0,0,0,2,0,0,0,Mar
102052,12,6,6,0,0,0,0,0,0,0,0,Mar
102191,0,0,0,0,0,0,0,0,0,0,0,Mar
102241,0,0,0,0,0,0,0,0,0,0,0,Mar
102259,0,0,0,0,0,0,0,0,0,0,0,Mar
102280,5,3,2,0,0,0,0,0,0,0,4,Mar
102440,4,2,2,0,0,0,0,0,0,0,2,Mar
102540,3,2,1,0,0,0,0,0,0,0,0,Mar
102607,0,0,0,0,0,0,0,0,0,0,0,Mar
102635,2,1,1,0,0,0,0,0,0,0,0,Mar
102704,6,3,3,0,0,0,0,0,0,0,4,Mar
102732,6,3,3,0,0,0,0,0,0,0,0,Mar
102866,0,0,0,0,0,0,0,0,0,0,0,Mar
102915,0,0,0,0,0,0,0,0,0,0,0,Mar
102960,2,1,1,0,0,0,0,0,0,0,0,Mar
102961,2,1,1,0,0,0,0,0,0,0,0,Mar
102978,0,0,0,0,0,0,0,0,0,0,0,Mar
103013,1,1,0,0,0,0,0,0,0,0,0,Mar
103020,2,1,1,0,0,0,0,0,0,0,0,Mar
103042,0,0,0,0,0,0,0,0,0,0,0,Mar
103064,0,0,0,0,0,0,0,0,0,0,0,Mar
103074,4,2,2,0,0,0,0,0,0,0,4,Mar
103076,0,0,0,0,0,0,0,0,0,0,0,Mar
103091,24,14,10,0,0,0,2,0,0,0,4,Mar
103110,0,0,0,0,0,0,0,0,0,0,0,Mar
103115,13,8,5,0,0,0,0,0,0,0,4,Mar
103173,0,0,0,0,0,0,0,0,0,0,0,Mar
103241,4,2,2,0,0,0,0,0,0,0,4,Mar
103266,0,0,0,0,0,0,0,0,0,0,0,Mar
103324,0,0,0,0,0,0,0,0,0,0,0,Mar
103329,9,6,3,6,0,0,0,0,0,0,0,Mar
103344,5,3,2,0,0,0,0,0,0,0,4,Mar
103365,2,1,1,0,0,0,0,0,0,0,0,Mar
103380,2,2,0,0,0,0,0,0,0,0,0,Mar
103410,0,0,0,0,0,0,0,0,0,0,0,Mar
103420,2,1,1,0,0,0,0,0,0,0,2,Mar
103432,12,6,6,0,0,0,0,0,0,0,0,Mar
103519,0,0,0,0,0,0,0,0,0,0,0,Mar
103542,4,2,2,0,0,0,0,0,0,0,4,Mar
103573,2,1,1,0,0,0,0,0,0,0,2,Mar
103588,0,0,0,0,0,0,0,0,0,0,0,Mar
103715,8,4,4,0,0,0,0,0,0,0,0,Mar
103821,2,1,1,0,0,0,0,0,0,0,0,Mar
103885,4,3,1,0,0,0,0,0,0,0,2,Mar
104006,8,5,3,0,0,0,0,0,0,0,0,Mar
104039,6,3,3,0,0,0,0,0,0,0,0,Mar
104080,0,0,0,0,0,0,0,0,0,0,0,Mar
104107,0,0,0,0,0,0,0,0,0,0,0,Mar
104680,3,2,1,0,0,0,0,0,0,0,2,Mar
104682,2,1,1,0,0,0,0,0,0,0,0,Mar
104786,4,2,2,0,0,0,0,0,0,0,2,Mar
104854,0,0,0,0,0,0,0,0,0,0,0,Mar
104911,2,1,1,0,0,0,0,0,0,0,2,Mar
104922,0,0,0,0,0,0,0,0,0,0,0,Mar
104937,0,0,0,0,0,0,0,0,0,0,0,Mar
104973,0,0,0,0,0,0,0,0,0,0,0,Mar
104979,0,0,0,0,0,0,0,0,0,0,0,Mar
104984,0,0,0,0,0,0,0,0,0,0,0,Mar
105018,4,2,2,0,0,0,0,0,0,0,4,Mar
105111,0,0,0,0,0,0,0,0,0,0,0,Mar
105143,0,0,0,0,0,0,0,0,0,0,0,Mar
105334,0,0,0,0,0,0,0,0,0,0,0,Mar
105379,0,0,0,0,0,0,0,0,0,0,0,Mar
105495,8,4,4,0,0,0,0,0,0,0,0,Mar
105757,8,4,4,0,0,0,0,0,0,0,8,Mar
105777,0,0,0,0,0,0,0,0,0,0,0,Mar
105784,4,2,2,0,0,0,0,0,0,0,4,Mar
105794,0,0,0,0,0,0,0,0,0,0,0,Mar
105805,0,0,0,0,0,0,0,0,0,0,0,Mar
105831,0,0,0,0,0,0,0,0,0,0,0,Mar
105872,2,1,1,0,0,0,0,0,0,0,2,Mar
105890,5,3,2,0,0,0,0,0,0,0,0,Mar
105920,0,0,0,0,0,0,0,0,0,0,0,Mar
105954,1,1,0,0,0,0,0,0,0,0,0,Mar
105974,0,0,0,0,0,0,0,0,0,0,0,Mar
106036,2,2,0,0,0,0,0,0,0,0,0,Mar
106130,0,0,0,0,0,0,0,0,0,0,0,Mar
106145,0,0,0,0,0,0,0,0,0,0,0,Mar
106559,0,0,0,0,0,0,0,0,0,0,0,Mar
106727,0,0,0,0,0,0,0,0,0,0,0,Mar
106927,0,0,0,0,0,0,0,0,0,0,0,Mar
107080,0,0,0,0,0,0,0,0,0,0,0,Mar
107178,0,0,0,0,0,0,0,0,0,0,0,Mar
107294,1,1,0,0,0,0,0,0,0,0,0,Mar
107378,4,2,2,0,0,0,0,0,0,0,4,Mar
108024,9,5,4,0,1,0,0,0,0,0,2,Mar
108191,4,2,2,0,0,0,0,0,0,0,0,Mar
108219,0,0,0,0,0,0,0,0,0,0,0,Mar
108253,8,5,3,0,0,0,0,0,0,0,2,Mar
108256,4,2,2,0,0,0,0,0,0,0,2,Mar
108523,2,1,1,0,0,0,0,0,0,0,0,Mar
108699,0,0,0,0,0,0,0,0,0,0,0,Mar
108777,1,1,0,0,0,0,0,0,0,0,0,Mar
108867,16,12,4,0,0,0,0,0,0,8,0,Mar
108899,6,4,2,0,0,0,0,0,0,0,4,Mar
108906,0,0,0,0,0,0,0,0,0,0,0,Mar
108945,4,2,2,0,0,0,0,0,0,0,0,Mar
108974,3,3,0,0,0,0,0,0,0,0,0,Mar
109249,0,0,0,0,0,0,0,0,0,0,0,Mar
109299,0,0,0,0,0,0,0,0,0,0,0,Mar
109448,0,0,0,0,0,0,0,0,0,0,0,Mar
109480,1,1,0,0,0,0,0,0,0,0,0,Mar
109481,0,0,0,0,0,0,0,0,0,0,0,Mar
109711,2,1,1,0,0,0,0,0,0,0,0,Mar
109949,0,0,0,0,0,0,0,0,0,0,0,Mar
110171,0,0,0,0,0,0,0,0,0,0,0,Mar
110230,0,0,0,0,0,0,0,0,0,0,0,Mar
110242,0,0,0,0,0,0,0,0,0,0,0,Mar
110817,0,0,0,0,0,0,0,0,0,0,0,Mar
110853,2,1,1,0,0,0,0,0,0,0,0,Mar
111348,6,5,1,0,0,0,0,0,0,0,2,Mar
111370,0,0,0,0,0,0,0,0,0,0,0,Mar
111419,0,0,0,0,0,0,0,0,0,0,0,Mar
111637,2,1,1,0,0,0,0,0,0,0,2,Mar
111733,0,0,0,0,0,0,0,0,0,0,0,Mar
112111,4,2,2,0,0,0,0,0,0,0,0,Mar
112311,6,3,3,0,0,0,0,0,0,0,6,Mar
112351,2,1,1,0,0,0,0,0,0,0,2,Mar
112360,2,1,1,0,0,0,0,0,0,0,2,Mar
112428,0,0,0,0,0,0,0,0,0,0,0,Mar
112447,4,2,2,0,0,0,0,0,0,0,4,Mar
112477,0,0,0,0,0,0,0,0,0,0,0,Mar
112562,4,2,2,0,0,0,0,0,0,0,2,Mar
112583,0,0,0,0,0,0,0,0,0,0,0,Mar
112615,0,0,0,0,0,0,0,0,0,0,0,Mar
112648,0,0,0,0,0,0,0,0,0,0,0,Mar
112680,4,3,1,0,1,0,0,0,0,0,0,Mar
112733,12,6,6,0,0,0,0,0,0,0,2,Mar
112744,2,1,1,0,0,0,0,0,0,0,0,Mar
112760,8,4,4,0,0,0,0,0,0,0,8,Mar
112797,6,3,3,0,0,0,0,0,0,0,0,Mar
112939,16,8,8,0,0,0,0,0,0,0,12,Mar
113008,2,1,1,0,0,0,0,0,0,0,0,Mar
113039,6,4,2,0,0,0,0,0,0,0,4,Mar
113066,0,0,0,0,0,0,0,0,0,0,0,Mar
113107,0,0,0,0,0,0,0,0,0,0,0,Mar
113214,2,1,1,0,0,0,0,0,0,0,0,Mar
113239,8,4,4,0,0,0,0,0,0,0,0,Mar
113571,2,1,1,0,0,0,0,0,0,0,2,Mar
113607,2,2,0,0,0,0,0,0,0,0,0,Mar
113612,3,2,1,0,0,0,1,0,0,0,0,Mar
113639,8,4,4,0,0,0,0,0,0,0,0,Mar
113750,0,0,0,0,0,0,0,0,0,0,0,Mar
113805,6,4,2,0,0,0,0,0,0,0,0,Mar
113854,12,8,4,0,0,0,0,0,0,0,8,Mar
113922,1,1,0,0,0,0,0,0,0,0,0,Mar
113933,0,0,0,0,0,0,0,0,0,0,0,Mar
113954,4,2,2,0,0,0,0,0,0,0,0,Mar
114856,0,0,0,0,0,0,0,0,0,0,0,Mar
114935,0,0,0,0,0,0,0,0,0,0,0,Mar
114952,3,2,1,0,0,0,0,0,0,0,2,Mar
115124,0,0,0,0,0,0,0,0,0,0,0,Mar
115139,7,4,3,0,0,0,0,0,0,0,4,Mar
115982,15,9,6,0,0,0,0,0,0,0,2,Mar
116050,0,0,0,0,0,0,0,0,0,0,0,Mar
116582,7,4,3,0,1,0,0,1,0,0,4,Mar
116827,2,1,1,0,0,0,0,0,0,0,0,Mar
116995,3,3,0,0,0,0,1,0,0,0,0,Mar
117209,0,0,0,0,0,0,0,0,0,0,0,Mar
117271,0,0,0,0,0,0,0,0,0,0,0,Mar
117367,2,1,1,0,0,0,0,0,0,0,2,Mar
117376,0,0,0,0,0,0,0,0,0,0,0,Mar
117408,4,2,2,0,0,0,0,0,0,0,0,Mar
117508,6,3,3,0,0,0,0,0,0,0,4,Mar
117531,0,0,0,0,0,0,0,0,0,0,0,Mar
117639,1,1,0,0,0,0,0,0,0,0,0,Mar
117712,0,0,0,0,0,0,0,0,0,0,0,Mar
118445,14,7,7,0,0,0,0,0,0,0,0,Mar
118462,0,0,0,0,0,0,0,0,0,0,0,Mar
118517,0,0,0,0,0,0,0,0,0,0,0,Mar
118627,4,3,1,0,0,0,0,0,0,0,0,Mar
118641,4,2,2,0,0,0,0,0,0,0,0,Mar
118719,0,0,0,0,0,0,0,0,0,0,0,Mar
118731,0,0,0,0,0,0,0,0,0,0,0,Mar
118770,0,0,0,0,0,0,0,0,0,0,0,Mar
118773,0,0,0,0,0,0,0,0,0,0,0,Mar
118818,3,3,0,0,0,0,0,0,0,0,0,Mar
118861,12,8,4,0,0,0,4,0,0,0,0,Mar
118920,5,3,2,0,0,0,0,0,0,0,0,Mar
118930,12,6,6,0,0,0,0,0,0,0,2,Mar
118962,0,0,0,0,0,0,0,0,0,0,0,Mar
119103,0,0,0,0,0,0,0,0,0,0,0,Mar
119120,2,1,1,0,0,0,0,0,0,0,2,Mar
119416,5,3,2,0,0,0,0,0,0,0,0,Mar
119471,5,5,0,0,0,0,0,0,0,0,0,Mar
119490,0,0,0,0,0,0,0,0,0,0,0,Mar
119518,2,1,1,0,0,0,0,0,0,0,2,Mar
119528,2,2,0,0,0,0,0,0,0,0,0,Mar
119690,0,0,0,0,0,0,0,0,0,0,0,Mar
119728,1,1,0,0,0,0,0,0,0,0,0,Mar
119863,8,6,2,0,0,0,0,0,0,0,4,Mar
120137,6,3,3,0,0,0,0,0,0,0,2,Mar
120171,2,1,1,0,0,0,0,0,0,0,0,Mar
120186,0,0,0,0,0,0,0,0,0,0,0,Mar
120258,4,3,1,0,0,0,0,0,0,0,2,Mar
120260,0,0,0,0,0,0,0,0,0,0,0,Mar
120262,0,0,0,0,0,0,0,0,0,0,0,Mar
120343,0,0,0,0,0,0,0,0,0,0,0,Mar
120356,0,0,0,0,0,0,0,0,0,0,0,Mar
120371,0,0,0,0,0,0,0,0,0,0,0,Mar
120385,6,2,1,0,0,0,0,0,0,0,2,Mar
120446,16,8,8,0,0,0,0,0,0,0,4,Mar
120460,6,3,3,0,0,0,0,0,0,0,6,Mar
120475,0,0,0,0,0,0,0,0,0,0,0,Mar
120541,8,5,3,0,0,0,0,0,0,0,0,Mar
120582,24,12,12,0,0,0,0,0,0,0,0,Mar
120607,4,2,2,0,0,0,0,0,0,0,4,Mar
120624,3,2,1,0,0,0,0,0,0,0,2,Mar
121256,4,3,1,0,0,0,0,0,0,0,2,Mar
121447,0,0,0,0,0,0,0,0,0,0,0,Mar
123549,2,1,1,0,0,0,0,0,0,0,0,Mar
123610,3,2,1,0,0,0,0,0,0,2,0,Mar
123649,0,0,0,0,0,0,0,0,0,0,0,Mar
123656,0,0,0,0,0,0,0,0,0,0,0,Mar
123699,2,2,0,0,0,0,0,0,0,0,0,Mar
123706,2,2,0,0,0,0,0,0,0,0,0,Mar
123942,8,4,4,0,0,0,0,0,0,0,8,Mar
123945,4,2,2,0,0,0,0,0,0,0,0,Mar
123978,0,0,0,0,0,0,0,0,0,0,0,Mar
124074,0,0,0,0,0,0,0,0,0,0,0,Mar
124281,0,0,0,0,0,0,0,0,0,0,0,Mar
124300,0,0,0,0,0,0,0,0,0,0,0,Mar
124328,0,0,0,0,0,0,0,0,0,0,0,Mar
124342,2,2,0,0,0,0,0,0,0,0,0,Mar
124391,2,2,0,0,0,0,0,0,0,0,0,Mar
124396,2,2,0,0,0,0,0,0,0,0,0,Mar
124521,3,2,1,0,0,0,1,0,0,0,2,Mar
124591,2,1,1,0,0,0,0,0,0,0,0,Mar
124700,10,6,4,0,0,0,0,0,0,2,4,Mar
124884,0,0,0,0,0,0,0,0,0,0,0,Mar
124938,6,6,0,0,0,0,0,0,0,0,0,Mar
125041,11,6,5,0,0,0,0,0,0,0,0,Mar
125095,5,4,1,0,0,0,0,0,0,0,0,Mar
125116,4,2,2,0,0,0,0,0,0,0,0,Mar
125136,2,2,0,0,0,0,0,0,0,0,0,Mar
125222,4,3,1,0,0,0,0,0,0,0,2,Mar
125295,0,0,0,0,0,0,0,0,0,0,0,Mar
125415,3,3,0,0,0,0,0,0,0,0,0,Mar
125452,2,1,1,0,0,0,0,0,0,0,0,Mar
125552,4,3,1,0,0,0,0,0,0,0,2,Mar
125583,4,2,2,0,0,0,0,0,0,0,2,Mar
125745,8,4,4,0,0,0,0,0,0,0,6,Mar
125762,4,2,2,0,0,0,0,0,0,0,0,Mar
125781,0,0,0,0,0,0,0,0,0,0,0,Mar
125809,16,10,6,0,0,0,0,0,0,0,0,Mar
125820,0,0,0,0,0,0,0,0,0,0,0,Mar
125822,0,0,0,0,0,0,0,0,0,0,0,Mar
125913,0,0,0,0,0,0,0,0,0,0,0,Mar
125960,2,1,1,0,0,0,0,0,0,0,0,Mar
125992,4,4,0,0,0,0,0,0,0,0,0,Mar
126141,2,1,1,0,0,0,0,0,0,0,0,Mar
126716,2,1,1,0,0,0,0,0,0,0,2,Mar
126723,2,1,1,0,0,0,0,0,0,0,0,Mar
128162,13,10,3,0,0,0,0,0,0,0,0,Mar
128228,4,3,1,0,0,0,0,0,0,0,2,Mar
128353,6,3,3,0,0,0,0,0,0,0,6,Mar
128555,0,0,0,0,0,0,0,0,0,0,0,Mar
128596,0,0,0,0,0,0,0,0,0,0,0,Mar
128628,1,1,0,0,0,0,0,0,0,0,0,Mar
128795,1,1,0,0,0,0,0,0,0,0,0,Mar
128996,10,4,6,0,0,0,0,0,0,0,10,Mar
130142,3,2,1,0,0,0,0,0,0,0,0,Mar
130204,0,0,0,0,0,0,0,0,0,0,0,Mar
130238,1,1,0,0,0,0,0,0,0,0,0,Mar
130300,3,2,1,0,0,0,0,0,0,0,2,Mar
130406,0,0,0,0,0,0,0,0,0,0,0,Mar
130863,2,1,1,0,0,0,0,0,0,0,0,Mar
131559,0,0,0,0,0,0,0,0,0,0,0,Mar
131601,6,3,3,0,0,0,0,0,0,0,6,Mar
131909,0,0,0,0,0,0,0,0,0,0,0,Mar
132076,2,1,1,0,0,0,0,0,0,0,1,Mar
132577,0,0,0,0,0,0,0,0,0,0,0,Mar
132800,0,0,0,0,0,0,0,0,0,0,0,Mar
133097,2,2,0,0,0,0,0,0,0,0,0,Mar
133164,10,6,4,0,2,0,0,0,0,0,0,Mar
133200,0,0,0,0,0,0,0,0,0,0,0,Mar
133370,0,0,0,0,0,0,0,0,0,0,0,Mar
133391,4,2,2,0,0,0,0,0,0,0,0,Mar
133398,0,0,0,0,0,0,0,0,0,0,0,Mar
133430,2,1,1,0,0,0,0,0,0,0,2,Mar
133444,2,1,1,0,0,0,0,0,0,0,0,Mar
134032,8,4,4,0,0,0,0,0,0,0,8,Mar
134095,21,18,3,0,0,0,0,0,0,0,6,Mar
134232,2,1,1,0,0,0,0,0,0,0,0,Mar
134327,2,2,0,0,0,0,0,0,0,0,0,Mar
134361,2,1,1,0,0,0,0,0,0,0,0,Mar
135687,2,1,1,0,0,0,0,0,0,0,2,Mar
135729,1,1,0,0,0,0,0,0,0,0,0,Mar
135774,4,3,1,0,1,0,0,0,0,0,2,Mar
135820,2,1,1,0,0,0,0,0,0,0,2,Mar
135885,0,0,0,0,0,0,0,0,0,0,0,Mar
135917,0,0,0,0,0,0,0,0,0,0,0,Mar
135918,8,4,4,0,0,0,0,0,0,0,4,Mar
136142,0,0,0,0,0,0,0,0,0,0,0,Mar
136172,1,1,0,0,0,0,0,0,0,0,0,Mar
136325,6,3,3,0,0,0,0,0,0,0,0,Mar
136352,6,3,3,0,0,0,0,0,0,0,0,Mar
136375,0,0,0,0,0,0,0,0,0,0,0,Mar
136421,0,0,0,0,0,0,0,0,0,0,0,Mar
136433,4,2,2,0,0,0,0,0,0,0,0,Mar
136487,4,2,2,0,0,0,0,0,0,0,4,Mar
136489,3,2,1,0,0,0,0,0,0,0,2,Mar
136557,0,0,0,0,0,0,0,0,0,0,0,Mar
136593,2,1,1,0,0,0,0,0,0,0,2,Mar
136620,2,1,1,0,0,0,0,0,0,0,2,Mar
136648,0,0,0,0,0,0,0,0,0,0,0,Mar
136690,0,0,0,0,0,0,0,0,0,0,0,Mar
136707,3,2,1,0,0,0,0,0,0,0,0,Mar
136716,4,2,2,0,0,0,0,0,0,0,4,Mar
136786,0,0,0,0,0,0,0,0,0,0,0,Mar
136794,0,0,0,0,0,0,0,0,0,0,0,Mar
136802,2,1,1,0,0,0,0,0,0,0,0,Mar
136838,0,0,0,0,0,0,0,0,0,0,0,Mar
136853,0,0,0,0,0,0,0,0,0,0,0,Mar
136855,36,18,18,0,0,0,0,0,0,0,4,Mar
136888,0,0,0,0,0,0,0,0,0,0,0,Mar
136924,4,2,2,0,0,0,0,0,0,0,2,Mar
136968,2,1,1,0,0,0,0,0,0,0,2,Mar
137017,5,3,2,0,0,0,0,0,0,0,0,Mar
137028,0,0,0,0,0,0,0,0,0,0,0,Mar
137122,0,0,0,0,0,0,0,0,0,0,0,Mar
137160,12,6,6,0,0,0,0,0,0,0,12,Mar
137233,0,0,0,0,0,0,0,0,0,0,0,Mar
137234,0,0,0,0,0,0,0,0,0,0,0,Mar
137296,2,1,1,0,0,0,0,0,0,0,0,Mar
137361,5,4,1,0,0,0,0,0,0,0,2,Mar
137378,0,0,0,0,0,0,0,0,0,0,0,Mar
137434,2,2,0,0,0,0,0,0,0,0,0,Mar
137439,0,0,0,0,0,0,0,0,0,0,0,Mar
137491,2,2,0,0,0,0,0,0,0,0,0,Mar
137602,0,0,0,0,0,0,0,0,0,0,0,Mar
137604,0,0,0,0,0,0,0,0,0,0,0,Mar
137606,0,0,0,0,0,0,0,0,0,0,0,Mar
137655,0,0,0,0,0,0,0,0,0,0,0,Mar
137660,0,0,0,0,0,0,0,0,0,0,0,Mar
137664,4,2,2,0,0,0,0,0,0,0,0,Mar
137700,4,2,2,0,0,0,0,0,0,0,4,Mar
137804,2,1,1,0,0,0,0,0,0,0,2,Mar
137903,0,0,0,0,0,0,0,0,0,0,0,Mar
137966,0,0,0,0,0,0,0,0,0,0,0,Mar
137983,2,1,1,0,0,0,0,0,0,0,2,Mar
137991,0,0,0,0,0,0,0,0,0,0,0,Mar
138004,0,0,0,0,0,0,0,0,0,0,0,Mar
138007,2,1,1,0,0,0,0,0,0,0,0,Mar
138304,0,0,0,0,0,0,0,0,0,0,0,Mar
138348,1,1,0,0,0,0,0,0,0,0,0,Mar
138486,2,2,0,0,0,0,0,0,0,0,0,Mar
138533,1,1,0,0,0,0,0,0,0,0,0,Mar
139206,0,0,0,0,0,0,0,0,0,0,0,Mar
139948,10,5,5,0,0,0,0,0,0,0,0,Mar
139965,3,2,1,0,0,0,1,0,0,0,2,Mar
139970,2,1,1,0,0,0,0,0,0,0,2,Mar
140792,0,0,0,0,0,0,0,0,0,0,0,Mar
140835,0,0,0,0,0,0,0,0,0,0,0,Mar
140856,0,0,0,0,0,0,0,0,0,0,0,Mar
140866,0,0,0,0,0,0,0,0,0,0,0,Mar
140891,0,0,0,0,0,0,0,0,0,0,0,Mar
140928,0,0,0,0,0,0,0,0,0,0,0,Mar
140930,2,1,1,0,0,0,0,0,0,0,2,Mar
140962,10,10,0,0,0,0,2,0,0,0,0,Mar
141020,4,4,0,0,0,0,0,0,0,0,0,Mar
141033,4,3,1,0,0,0,0,0,0,0,0,Mar
141102,12,6,6,0,0,0,0,0,0,0,4,Mar
141128,0,0,0,0,0,0,0,0,0,0,0,Mar
141138,6,6,0,0,0,0,0,0,0,0,0,Mar
141142,0,0,0,0,0,0,0,0,0,0,0,Mar
141599,0,0,0,0,0,0,0,0,0,0,0,Mar
142851,0,0,0,0,0,0,0,0,0,0,0,Mar
142995,0,0,0,0,0,0,0,0,0,0,0,Mar
143051,1,1,0,0,0,0,0,0,0,0,0,Mar
143061,2,1,1,0,0,0,0,0,0,0,2,Mar
143115,0,0,0,0,0,0,0,0,0,0,0,Mar
143157,6,3,3,0,0,0,0,0,0,0,0,Mar
143172,0,0,0,0,0,0,0,0,0,0,0,Mar
143204,20,16,4,0,2,0,6,0,0,0,4,Mar
143225,2,1,1,0,0,0,0,0,0,0,0,Mar
143240,2,1,1,0,0,0,0,0,0,0,0,Mar
143244,1,1,0,0,0,0,0,0,0,0,0,Mar
143330,3,3,0,0,0,0,0,0,0,0,0,Mar
143482,3,2,0,0,0,0,0,0,0,0,0,Mar
143579,5,2,2,0,0,0,0,0,0,0,0,Mar
143595,1,1,0,0,0,0,0,0,0,0,0,Mar
143611,0,0,0,0,0,0,0,0,0,0,0,Mar
143612,0,0,0,0,0,0,0,0,0,0,0,Mar
143682,1,1,0,0,0,0,0,0,0,0,0,Mar
143743,0,0,0,0,0,0,0,0,0,0,0,Mar
143845,4,2,2,0,0,0,0,0,0,0,0,Mar
143911,2,1,1,0,0,0,0,0,0,0,0,Mar
143979,0,0,0,0,0,0,0,0,0,0,0,Mar
144386,4,2,2,0,0,0,0,0,0,0,0,Mar
144443,6,3,3,0,0,0,0,0,0,0,6,Mar
144939,7,5,2,0,0,0,0,0,0,0,4,Mar
144975,0,0,0,0,0,0,0,0,0,0,0,Mar
144985,21,11,10,0,0,0,0,0,0,0,4,Mar
145100,6,3,3,0,0,0,0,0,0,0,0,Mar
145128,6,4,2,0,0,0,0,0,0,0,4,Mar
145153,4,2,2,0,0,0,0,0,0,0,0,Mar
145171,0,0,0,0,0,0,0,0,0,0,0,Mar
145192,27,15,12,0,0,0,0,0,0,0,24,Mar
145304,8,4,4,0,0,0,0,0,0,0,0,Mar
145310,2,1,1,0,0,0,0,0,0,0,0,Mar
145332,14,7,7,0,0,0,0,0,0,0,0,Mar
146466,2,2,0,0,0,0,0,0,0,0,0,Mar
146496,2,2,0,0,0,0,0,0,0,0,0,Mar
146500,0,0,0,0,0,0,0,0,0,0,0,Mar
146611,0,0,0,0,0,0,0,0,0,0,0,Mar
146883,0,0,0,0,0,0,0,0,0,0,0,Mar
146932,2,1,1,0,0,0,0,0,0,0,0,Mar
147090,4,2,2,0,0,0,0,0,0,0,0,Mar
147300,0,0,0,0,0,0,0,0,0,0,0,Mar
147774,8,4,4,0,0,0,0,0,0,0,4,Mar
147784,0,0,0,0,0,0,0,0,0,0,0,Mar
147892,2,2,0,0,0,0,0,0,0,0,0,Mar
148016,4,2,2,0,0,0,0,0,0,0,4,Mar
148027,1,0,1,0,0,0,0,0,0,0,1,Mar
148216,2,1,1,0,0,0,0,0,0,0,0,Mar
148260,2,2,0,0,0,0,0,0,0,0,0,Mar
148368,0,0,0,0,0,0,0,0,0,0,0,Mar
148375,8,5,3,0,0,0,0,0,0,0,2,Mar
148421,2,1,1,0,0,0,0,0,0,0,2,Mar
148641,10,8,2,0,0,0,0,0,0,0,4,Mar
148839,16,8,8,0,0,0,0,0,0,0,2,Mar
148890,3,2,1,0,0,0,0,0,0,0,0,Mar
149918,2,2,0,0,0,0,0,0,0,0,0,Mar
149982,0,0,0,0,0,0,0,0,0,0,0,Mar
150071,0,0,0,0,0,0,0,0,0,0,0,Mar
150232,1,1,0,0,0,0,1,0,0,0,0,Mar
150364,2,2,0,0,0,0,0,0,0,0,0,Mar
150464,4,2,2,0,0,0,0,0,0,0,4,Mar
151801,0,0,0,0,0,0,0,0,0,0,0,Mar
151840,2,2,0,0,0,0,0,0,0,0,0,Mar
152308,2,1,1,0,0,0,0,0,0,0,0,Mar
152350,2,1,1,0,0,0,0,0,0,0,2,Mar
152483,0,0,0,0,0,0,0,0,0,0,0,Mar
152841,2,2,0,0,0,0,0,0,0,0,0,Mar
152868,4,2,2,0,0,0,0,0,0,0,0,Mar
152883,3,2,1,0,0,0,0,0,0,0,2,Mar
152972,3,3,0,0,0,0,0,0,0,0,0,Mar
153382,0,0,0,0,0,0,0,0,0,0,0,Mar
153573,0,0,0,0,0,0,0,0,0,0,0,Mar
153670,0,0,0,0,0,0,0,0,0,0,0,Mar
153936,1,1,0,0,0,0,0,0,0,0,0,Mar
153938,0,0,0,0,0,0,0,0,0,0,0,Mar
154027,0,0,0,0,0,0,0,0,0,0,0,Mar
154063,0,0,0,0,0,0,0,0,0,0,0,Mar
154268,0,0,0,0,0,0,0,0,0,0,0,Mar
154504,2,1,1,0,0,0,0,0,0,0,2,Mar
154686,0,0,0,0,0,0,0,0,0,0,0,Mar
154898,3,2,1,0,0,0,0,0,0,0,2,Mar
155036,2,1,1,0,0,0,0,0,0,0,2,Mar
155103,0,0,0,0,0,0,0,0,0,0,0,Mar
155136,8,4,4,0,0,0,0,0,0,0,8,Mar
155192,4,2,2,0,0,0,0,0,0,0,4,Mar
155277,2,2,0,0,0,0,1,0,1,0,0,Mar
155563,0,0,0,0,0,0,0,0,0,0,0,Mar
155650,2,1,1,0,0,0,0,0,0,0,2,Mar
155678,2,1,1,0,0,0,0,0,0,0,0,Mar
155746,5,3,2,0,0,0,0,0,0,0,2,Mar
155914,12,7,5,0,0,0,0,0,0,0,10,Mar
155933,2,1,1,0,0,0,0,0,0,0,2,Mar
155969,2,1,1,0,0,0,0,0,0,0,2,Mar
155997,0,0,0,0,0,0,0,0,0,0,0,Mar
156133,0,0,0,0,0,0,0,0,0,0,0,Mar
156142,4,2,2,0,0,0,0,0,0,0,0,Mar
156265,3,2,1,0,0,0,0,0,0,0,2,Mar
156345,11,10,1,0,0,0,9,2,0,0,0,Mar
156448,0,0,0,0,0,0,0,0,0,0,0,Mar
156502,0,0,0,0,0,0,0,0,0,0,0,Mar
158918,20,12,8,0,0,0,0,0,0,0,14,Mar
159003,3,3,0,0,0,0,0,0,0,0,0,Mar
159099,0,0,0,0,0,0,0,0,0,0,0,Mar
159164,0,0,0,0,0,0,0,0,0,0,0,Mar
159171,0,0,0,0,0,0,0,0,0,0,0,Mar
159272,4,4,0,0,0,0,0,0,0,0,0,Mar
159336,8,6,2,0,0,0,0,0,0,0,4,Mar
159421,28,14,14,0,0,0,0,0,0,0,4,Mar
159998,6,4,2,0,0,0,0,0,0,0,0,Mar
160066,4,2,2,0,0,0,0,0,0,0,0,Mar
160173,2,2,0,0,0,0,0,0,0,0,0,Mar
160484,0,0,0,0,0,0,0,0,0,0,0,Mar
160491,0,0,0,0,0,0,0,0,0,0,0,Mar
160535,0,0,0,0,0,0,0,0,0,0,0,Mar
160601,2,1,1,0,0,0,0,0,0,0,0,Mar
160699,0,0,0,0,0,0,0,0,0,0,0,Mar
160778,1,1,0,0,0,0,0,0,0,0,0,Mar
160803,0,0,0,0,0,0,0,0,0,0,0,Mar
160820,0,0,0,0,0,0,0,0,0,0,0,Mar
160838,0,0,0,0,0,0,0,0,0,0,0,Mar
160880,6,4,2,0,1,0,0,0,0,0,2,Mar
160976,0,0,0,0,0,0,0,0,0,0,0,Mar
161038,0,0,0,0,0,0,0,0,0,0,0,Mar
161039,12,10,2,0,0,0,0,0,2,0,4,Mar
161072,6,5,1,0,0,0,0,0,0,0,2,Mar
161134,0,0,0,0,0,0,0,0,0,0,0,Mar
161271,0,0,0,0,0,0,0,0,0,0,0,Mar
161273,10,5,5,0,0,0,0,0,0,0,6,Mar
161335,0,0,0,0,0,0,0,0,0,0,0,Mar
161345,2,1,1,0,0,0,0,0,0,0,2,Mar
161403,0,0,0,0,0,0,0,0,0,0,0,Mar
161409,0,0,0,0,0,0,0,0,0,0,0,Mar
161471,0,0,0,0,0,0,0,0,0,0,0,Mar
161675,4,2,2,0,0,0,0,0,0,0,0,Mar
161703,5,5,0,0,0,0,0,0,2,0,0,Mar
161716,2,1,1,0,0,0,0,0,0,0,0,Mar
161744,2,1,1,0,0,0,0,0,0,2,0,Mar
161796,0,0,0,0,0,0,0,0,0,0,0,Mar
161825,4,3,1,0,0,0,0,0,0,0,0,Mar
161828,5,3,2,0,0,0,0,0,0,0,2,Mar
161915,0,0,0,0,0,0,0,0,0,0,0,Mar
161960,0,0,0,0,0,0,0,0,0,0,0,Mar
162979,4,3,1,0,0,0,0,0,0,0,2,Mar
163044,0,0,0,0,0,0,0,0,0,0,0,Mar
163062,2,2,0,0,0,0,0,0,0,0,0,Mar
163212,0,0,0,0,0,0,0,0,0,0,0,Mar
163428,14,7,7,0,0,0,0,0,0,0,6,Mar
163477,0,0,0,0,0,0,0,0,0,0,0,Mar
163579,4,2,2,0,0,0,0,0,0,0,4,Mar
163599,0,0,0,0,0,0,0,0,0,0,0,Mar
163679,6,6,0,0,0,0,0,0,0,0,0,Mar
163715,12,10,2,0,0,0,0,0,0,0,4,Mar
163763,0,0,0,0,0,0,0,0,0,0,0,Mar
163818,1,1,0,0,0,0,0,0,0,0,0,Mar
163895,0,0,0,0,0,0,0,0,0,0,0,Mar
164031,2,2,0,0,0,0,0,0,0,0,0,Mar
164178,8,5,3,0,0,0,0,0,0,0,2,Mar
164221,3,2,1,0,1,0,0,0,0,0,0,Mar
164240,3,2,1,0,0,0,0,0,0,0,0,Mar
164272,7,4,3,0,0,0,0,0,0,0,2,Mar
164309,0,0,0,0,0,0,0,0,0,0,0,Mar
164325,9,5,4,0,0,0,0,0,0,0,6,Mar
164408,2,1,1,0,0,0,0,0,0,0,2,Mar
164434,35,18,17,0,0,0,0,0,0,0,21,Mar
164493,0,0,0,0,0,0,0,0,0,0,0,Mar
164510,4,2,2,0,0,0,0,0,0,0,2,Mar
164549,0,0,0,0,0,0,0,0,0,0,0,Mar
164630,3,3,0,0,0,0,0,0,0,0,0,Mar
164677,0,0,0,0,0,0,0,0,0,0,0,Mar
164685,2,1,1,0,0,0,0,0,0,0,2,Mar
164739,0,0,0,0,0,0,0,0,0,0,0,Mar
164786,2,1,1,0,0,0,0,0,0,0,0,Mar
164830,4,3,1,0,0,0,0,0,0,0,2,Mar
164841,0,0,0,0,0,0,0,0,0,0,0,Mar
164878,5,4,1,0,0,0,0,0,0,0,0,Mar
164880,2,1,1,0,0,0,0,0,0,0,2,Mar
164890,0,0,0,0,0,0,0,0,0,0,0,Mar
164961,7,5,2,0,0,0,0,0,0,0,2,Mar
164966,0,0,0,0,0,0,0,0,0,0,0,Mar
165002,0,0,0,0,0,0,0,0,0,0,0,Mar
165041,5,3,2,0,0,0,0,0,0,0,0,Mar
165083,3,2,1,0,0,0,0,0,0,0,0,Mar
165143,2,1,1,0,0,0,0,0,0,0,0,Mar
165164,0,0,0,0,0,0,0,0,0,0,0,Mar
165218,5,4,1,0,0,0,0,0,0,0,0,Mar
165228,0,0,0,0,0,0,0,0,0,0,0,Mar
165270,0,0,0,0,0,0,0,0,0,0,0,Mar
165307,0,0,0,0,0,0,0,0,0,0,0,Mar
165641,0,0,0,0,0,0,0,0,0,0,0,Mar
165917,0,0,0,0,0,0,0,0,0,0,0,Mar
166221,4,2,2,0,0,0,0,0,0,0,0,Mar
166317,0,0,0,0,0,0,0,0,0,0,0,Mar
166360,2,1,1,0,0,0,0,0,0,0,2,Mar
166486,0,0,0,0,0,0,0,0,0,0,0,Mar
166497,0,0,0,0,0,0,0,0,0,0,0,Mar
167034,1,1,0,0,0,0,0,0,0,0,0,Mar
167106,4,2,2,0,0,0,0,0,0,0,4,Mar
167170,0,0,0,0,0,0,0,0,0,0,0,Mar
167202,0,0,0,0,0,0,0,0,0,0,0,Mar
167343,1,1,0,0,0,0,0,0,0,0,0,Mar
167379,8,4,4,0,0,0,0,0,0,0,0,Mar
167400,0,0,0,0,0,0,0,0,0,0,0,Mar
167476,2,2,0,0,0,0,0,0,0,0,0,Mar
167538,3,2,1,0,1,0,0,0,0,0,0,Mar
167549,10,6,4,0,0,0,0,0,0,0,2,Mar
167623,18,9,9,0,0,0,0,0,0,0,18,Mar
167643,0,0,0,0,0,0,0,0,0,0,0,Mar
167748,0,0,0,0,0,0,0,0,0,0,0,Mar
167807,2,1,1,0,0,0,0,0,0,0,2,Mar
167818,0,0,0,0,0,0,0,0,0,0,0,Mar
167848,0,0,0,0,0,0,0,0,0,0,0,Mar
167991,4,2,2,0,0,0,0,0,0,0,0,Mar
167996,8,4,4,0,0,0,0,0,0,0,8,Mar
168039,0,0,0,0,0,0,0,0,0,0,0,Mar
168125,5,3,2,0,0,0,0,0,0,0,4,Mar
168142,6,3,3,0,0,0,0,0,0,0,6,Mar
168168,0,0,0,0,0,0,0,0,0,0,0,Mar
168175,36,30,6,0,0,0,0,0,0,0,0,Mar
168375,2,2,0,0,0,0,0,0,0,0,0,Mar
168463,4,2,2,0,0,0,0,0,0,0,0,Mar
169604,2,2,0,0,0,0,0,0,0,0,0,Mar
169681,2,2,0,0,0,0,0,0,0,0,0,Mar
169688,4,2,2,0,0,0,0,0,0,0,4,Mar
169722,0,0,0,0,0,0,0,0,0,0,0,Mar
169733,0,0,0,0,0,0,0,0,0,0,0,Mar
169749,0,0,0,0,0,0,0,0,0,0,0,Mar
169777,0,0,0,0,0,0,0,0,0,0,0,Mar
169847,8,4,4,0,0,0,0,0,0,0,8,Mar
169874,0,0,0,0,0,0,0,0,0,0,0,Mar
169890,0,0,0,0,0,0,0,0,0,0,0,Mar
169899,0,0,0,0,0,0,0,0,0,0,0,Mar
169935,0,0,0,0,0,0,0,0,0,0,0,Mar
169951,2,1,1,0,0,0,0,0,0,0,0,Mar
169992,2,1,1,0,0,0,0,0,0,0,0,Mar
170053,6,3,3,0,0,0,0,0,0,0,2,Mar
170075,4,2,2,0,0,0,0,0,0,0,4,Mar
170189,1,1,0,0,0,0,0,0,0,0,0,Mar
170257,5,3,2,0,0,0,0,0,0,0,4,Mar
170275,16,9,6,0,0,0,0,0,0,0,0,Mar
170286,0,0,0,0,0,0,0,0,0,0,0,Mar
170289,1,1,0,0,0,0,0,0,0,0,0,Mar
170349,0,0,0,0,0,0,0,0,0,0,0,Mar
170351,3,1,1,0,0,0,0,0,0,0,0,Mar
170424,4,2,2,0,0,0,0,0,0,0,4,Mar
170535,0,0,0,0,0,0,0,0,0,0,0,Mar
171307,2,2,0,0,1,0,1,0,0,0,0,Mar
171340,1,1,0,0,0,0,0,0,0,0,0,Mar
171372,0,0,0,0,0,0,0,0,0,0,0,Mar
171394,0,0,0,0,0,0,0,0,0,0,0,Mar
171530,7,4,3,0,0,0,0,0,0,0,4,Mar
171547,0,0,0,0,0,0,0,0,0,0,0,Mar
171730,22,14,8,0,0,0,0,0,0,0,8,Mar
171740,5,5,0,0,0,0,0,0,0,0,0,Mar
171757,8,5,3,0,0,0,0,0,0,0,2,Mar
171772,2,2,0,0,1,0,0,0,0,0,0,Mar
172109,4,2,2,0,0,0,0,0,0,0,2,Mar
172228,2,1,1,0,0,0,0,0,0,0,2,Mar
173372,2,1,1,0,0,0,0,0,0,0,2,Mar
173472,2,1,1,0,0,0,0,0,0,0,0,Mar
173598,1,1,0,0,1,0,0,0,0,0,0,Mar
175831,1,1,0,0,0,0,0,0,0,0,0,Mar
175848,7,7,0,0,0,0,0,0,0,0,0,Mar
176327,0,0,0,0,0,0,0,0,0,0,0,Mar
176328,0,0,0,0,0,0,0,0,0,0,0,Mar
176426,2,1,1,0,0,0,0,0,0,0,2,Mar
176464,0,0,0,0,0,0,0,0,0,0,0,Mar
176528,0,0,0,0,0,0,0,0,0,0,0,Mar
176896,12,10,2,0,0,0,0,0,0,0,0,Mar
177225,1,1,0,0,0,0,0,0,0,0,0,Mar
177259,0,0,0,0,0,0,0,0,0,0,0,Mar
177398,6,4,2,0,2,0,0,0,0,0,0,Mar
177425,0,0,0,0,0,0,0,0,0,0,0,Mar
177502,0,0,0,0,0,0,0,0,0,0,0,Mar
177559,0,0,0,0,0,0,0,0,0,0,0,Mar
177627,4,2,2,0,0,0,0,0,0,0,4,Mar
177723,4,4,0,0,0,0,0,0,0,0,0,Mar
177844,0,0,0,0,0,0,0,0,0,0,0,Mar
177898,3,2,1,0,0,0,0,0,0,0,2,Mar
177908,0,0,0,0,0,0,0,0,0,0,0,Mar
177915,2,1,1,0,0,0,0,0,0,0,0,Mar
177959,3,1,1,0,0,0,0,0,0,0,2,Mar
178007,0,0,0,0,0,0,0,0,0,0,0,Mar
178034,4,2,2,0,0,0,0,0,0,0,0,Mar
178037,3,2,1,0,0,0,0,0,0,0,2,Mar
178051,0,0,0,0,0,0,0,0,0,0,0,Mar
178083,0,0,0,0,0,0,0,0,0,0,0,Mar
178100,6,3,3,0,0,0,0,0,0,0,4,Mar
178136,3,3,0,0,0,0,0,0,0,0,0,Mar
178166,4,2,2,0,0,0,0,0,0,0,0,Mar
178181,0,0,0,0,0,0,0,0,0,0,0,Mar
178183,2,2,0,0,0,0,0,0,0,0,0,Mar
178203,16,12,4,0,0,0,0,0,2,4,0,Mar
178247,12,6,6,0,0,0,0,0,0,0,8,Mar
178313,0,0,0,0,0,0,0,0,0,0,0,Mar
178317,2,1,1,0,0,0,0,0,0,0,0,Mar
178345,0,0,0,0,0,0,0,0,0,0,0,Mar
178416,0,0,0,0,0,0,0,0,0,0,0,Mar
178418,0,0,0,0,0,0,0,0,0,0,0,Mar
178435,2,2,0,0,0,0,0,0,0,0,0,Mar
178454,12,6,6,0,0,0,0,0,0,0,2,Mar
178484,0,0,0,0,0,0,0,0,0,0,0,Mar
178550,12,8,4,0,0,0,0,0,0,0,0,Mar
178564,6,4,2,0,2,0,0,0,0,0,0,Mar
178636,24,12,12,0,0,0,0,0,0,0,20,Mar
178642,1,1,0,0,0,0,0,0,0,0,0,Mar
178649,0,0,0,0,0,0,0,0,0,0,0,Mar
178652,2,1,1,0,0,0,0,0,0,0,0,Mar
178677,7,5,2,0,0,0,0,0,0,0,4,Mar
178681,4,2,2,0,0,0,0,0,0,0,0,Mar
178704,0,0,0,0,0,0,0,0,0,0,0,Mar
178738,0,0,0,0,0,0,0,0,0,0,0,Mar
178745,0,0,0,0,0,0,0,0,0,0,0,Mar
179595,0,0,0,0,0,0,0,0,0,0,0,Mar
179635,24,12,12,0,0,0,0,0,0,0,0,Mar
179785,4,2,2,0,0,0,0,0,0,0,0,Mar
179804,0,0,0,0,0,0,0,0,0,0,0,Mar
179868,6,4,2,0,0,0,0,0,0,0,0,Mar
179939,1,1,0,0,0,0,0,0,0,0,0,Mar
180003,3,2,1,0,1,0,0,0,0,0,0,Mar
180036,2,1,1,0,0,0,0,0,0,0,0,Mar
180090,0,0,0,0,0,0,0,0,0,0,0,Mar
180172,0,0,0,0,0,0,0,0,0,0,0,Mar
180506,0,0,0,0,0,0,0,0,0,0,0,Mar
180509,0,0,0,0,0,0,0,0,0,0,0,Mar
180595,2,1,1,0,0,0,0,0,0,0,0,Mar
180620,1,1,0,0,0,0,0,0,0,0,0,Mar
180631,6,3,3,0,0,0,0,0,0,0,0,Mar
180795,0,0,0,0,0,0,0,0,0,0,0,Mar
180813,0,0,0,0,0,0,0,0,0,0,0,Mar
180863,0,0,0,0,0,0,0,0,0,0,0,Mar
180984,0,0,0,0,0,0,0,0,0,0,0,Mar
181163,0,0,0,0,0,0,0,0,0,0,0,Mar
181256,2,2,0,0,0,0,0,0,0,0,0,Mar
181284,0,0,0,0,0,0,0,0,0,0,0,Mar
181388,0,0,0,0,0,0,0,0,0,0,0,Mar
181457,0,0,0,0,0,0,0,0,0,0,0,Mar
181534,0,0,0,0,0,0,0,0,0,0,0,Mar
181589,0,0,0,0,0,0,0,0,0,0,0,Mar
181598,2,1,1,0,0,0,0,0,0,0,2,Mar
181609,0,0,0,0,0,0,0,0,0,0,0,Mar
181617,4,2,2,0,0,0,0,0,0,0,4,Mar
181632,2,2,0,0,0,0,0,0,1,0,0,Mar
181696,4,2,2,0,0,0,0,0,0,0,0,Mar
181699,4,3,1,0,0,0,0,0,0,0,0,Mar
181779,3,3,0,0,0,0,0,0,0,0,0,Mar
181789,0,0,0,0,0,0,0,0,0,0,0,Mar
181791,0,0,0,0,0,0,0,0,0,0,0,Mar
181798,0,0,0,0,0,0,0,0,0,0,0,Mar
181808,4,3,1,0,0,0,0,0,0,0,0,Mar
181823,0,0,0,0,0,0,0,0,0,0,0,Mar
181827,2,1,1,0,0,0,0,0,0,0,0,Mar
181832,4,2,2,0,0,0,0,0,0,0,2,Mar
181834,0,0,0,0,0,0,0,0,0,0,0,Mar
181902,0,0,0,0,0,0,0,0,0,0,0,Mar
181959,0,0,0,0,0,0,0,0,0,0,0,Mar
181970,0,0,0,0,0,0,0,0,0,0,0,Mar
181979,0,0,0,0,0,0,0,0,0,0,0,Mar
181996,0,0,0,0,0,0,0,0,0,0,0,Mar
182095,3,3,0,0,0,0,0,0,0,0,0,Mar
182128,15,9,6,0,3,0,0,0,0,0,0,Mar
182157,5,3,2,0,0,0,0,0,0,0,2,Mar
182176,0,0,0,0,0,0,0,0,0,0,0,Mar
182212,8,5,3,0,0,0,0,0,0,0,5,Mar
182494,0,0,0,0,0,0,0,0,0,0,0,Mar
182520,4,4,0,0,0,0,0,0,0,0,0,Mar
182543,7,5,2,0,0,0,0,0,0,0,0,Mar
182724,0,0,0,0,0,0,0,0,0,0,0,Mar
183139,6,5,1,0,0,0,0,0,0,0,0,Mar
183161,0,0,0,0,0,0,0,0,0,0,0,Mar
183187,0,0,0,0,0,0,0,0,0,0,0,Mar
183205,0,0,0,0,0,0,0,0,0,0,0,Mar
183373,8,4,4,0,0,0,0,0,0,0,4,Mar
183509,13,7,6,0,0,0,0,0,0,0,0,Mar
183619,2,1,1,0,0,0,0,0,0,0,0,Mar
183684,0,0,0,0,0,0,0,0,0,0,0,Mar
183701,0,0,0,0,0,0,0,0,0,0,0,Mar
183702,0,0,0,0,0,0,0,0,0,0,0,Mar
183715,2,1,1,0,0,0,0,0,0,0,2,Mar
183722,0,0,0,0,0,0,0,0,0,0,0,Mar
183734,0,0,0,0,0,0,0,0,0,0,0,Mar
183748,0,0,0,0,0,0,0,0,0,0,0,Mar
183797,9,6,3,0,0,0,0,0,0,0,4,Mar
183866,0,0,0,0,0,0,0,0,0,0,0,Mar
183884,6,3,3,0,0,0,0,0,0,0,2,Mar
183984,2,1,1,0,0,0,0,0,0,0,2,Mar
184020,1,1,0,0,0,0,0,0,0,0,0,Mar
184026,0,0,0,0,0,0,0,0,0,0,0,Mar
184033,8,4,4,0,0,0,0,0,0,0,2,Mar
184180,4,2,2,0,0,0,0,0,0,0,4,Mar
184187,7,5,2,0,0,0,0,0,1,0,2,Mar
184322,0,0,0,0,0,0,0,0,0,0,0,Mar
184371,0,0,0,0,0,0,0,0,0,0,0,Mar
184422,0,0,0,0,0,0,0,0,0,0,0,Mar
184453,0,0,0,0,0,0,0,0,0,0,0,Mar
184458,0,0,0,0,0,0,0,0,0,0,0,Mar
184486,0,0,0,0,0,0,0,0,0,0,0,Mar
184539,2,1,1,0,0,0,0,0,0,0,0,Mar
184594,4,2,2,0,0,0,0,0,0,0,4,Mar
184719,6,5,1,0,0,0,0,0,0,0,0,Mar
184749,5,5,0,0,0,0,0,0,0,0,0,Mar
185092,4,2,2,0,0,0,0,0,0,0,4,Mar
185198,0,0,0,0,0,0,0,0,0,0,0,Mar
185342,4,2,2,0,0,0,0,0,0,0,4,Mar
185360,4,2,2,0,0,0,0,0,0,0,4,Mar
185362,0,0,0,0,0,0,0,0,0,0,0,Mar
185387,0,0,0,0,0,0,0,0,0,0,0,Mar
185392,0,0,0,0,0,0,0,0,0,0,0,Mar
185398,2,1,1,0,0,0,0,0,0,0,0,Mar
185456,4,2,2,0,0,0,0,0,0,0,0,Mar
185496,0,0,0,0,0,0,0,0,0,0,0,Mar
185524,5,4,1,0,0,0,0,0,0,0,2,Mar
185785,8,4,4,0,0,0,0,0,0,0,8,Mar
185821,2,1,1,0,0,0,0,0,0,0,0,Mar
185855,0,0,0,0,0,0,0,0,0,0,0,Mar
186024,6,3,3,0,0,0,0,0,0,0,6,Mar
186085,0,0,0,0,0,0,0,0,0,0,0,Mar
186223,0,0,0,0,0,0,0,0,0,0,0,Mar
186414,2,1,1,0,0,0,0,0,0,0,0,Mar
186441,0,0,0,0,0,0,0,0,0,0,0,Mar
186443,6,4,2,0,0,0,0,0,0,0,4,Mar
186516,0,0,0,0,0,0,0,0,0,0,0,Mar
186539,0,0,0,0,0,0,0,0,0,0,0,Mar
186759,0,0,0,0,0,0,0,0,0,0,0,Mar
186772,0,0,0,0,0,0,0,0,0,0,0,Mar
186780,4,2,2,0,0,0,0,0,0,0,2,Mar
186919,0,0,0,0,0,0,0,0,0,0,0,Mar
186972,0,0,0,0,0,0,0,0,0,0,0,Mar
186989,0,0,0,0,0,0,0,0,0,0,0,Mar
187004,0,0,0,0,0,0,0,0,0,0,0,Mar
187066,4,4,0,0,0,0,0,0,0,0,0,Mar
187296,0,0,0,0,0,0,0,0,0,0,0,Mar
187327,0,0,0,0,0,0,0,0,0,0,0,Mar
187331,0,0,0,0,0,0,0,0,0,0,0,Mar
187340,14,8,6,0,0,0,0,0,0,0,8,Mar
187400,2,2,0,0,0,0,0,0,0,0,0,Mar
187427,1,1,0,0,0,0,0,0,0,0,0,Mar
187463,3,2,1,0,0,0,0,0,0,0,2,Mar
187525,6,3,3,0,0,0,0,0,0,0,4,Mar
187564,2,1,1,0,0,0,0,0,0,0,2,Mar
187619,0,0,0,0,0,0,0,0,0,0,0,Mar
188720,0,0,0,0,0,0,0,0,0,0,0,Mar
188784,0,0,0,0,0,0,0,0,0,0,0,Mar
188824,0,0,0,0,0,0,0,0,0,0,0,Mar
189838,0,0,0,0,0,0,0,0,0,0,0,Mar
189852,0,0,0,0,0,0,0,0,0,0,0,Mar
189895,4,2,2,0,0,0,0,0,0,0,0,Mar
189927,0,0,0,0,0,0,0,0,0,0,0,Mar
189963,0,0,0,0,0,0,0,0,0,0,0,Mar
189970,5,3,2,0,0,0,0,0,0,0,0,Mar
190002,0,0,0,0,0,0,0,0,0,0,0,Mar
190270,2,2,0,0,0,0,0,0,0,0,0,Mar
190334,0,0,0,0,0,0,0,0,0,0,0,Mar
190338,0,0,0,0,0,0,0,0,0,0,0,Mar
190349,4,2,2,0,0,0,0,0,0,0,0,Mar
190402,0,0,0,0,0,0,0,0,0,0,0,Mar
190445,3,2,1,0,0,0,0,0,0,0,0,Mar
191082,0,0,0,0,0,0,0,0,0,0,0,Mar
191107,0,0,0,0,0,0,0,0,0,0,0,Mar
191139,2,1,1,0,0,0,0,0,0,0,0,Mar
191161,2,1,1,0,0,0,0,0,0,0,0,Mar
191175,22,16,6,0,0,0,0,0,0,0,4,Mar
191186,2,2,0,0,0,0,0,0,0,0,0,Mar
191207,7,4,3,0,0,0,0,0,0,0,6,Mar
191222,5,5,0,0,0,0,0,0,0,0,0,Mar
191229,2,1,1,0,0,0,0,0,0,0,0,Mar
191290,0,0,0,0,0,0,0,0,0,0,0,Mar
191326,2,1,1,0,0,0,0,0,0,0,2,Mar
191415,14,8,6,0,0,0,0,0,0,0,12,Mar
191519,1,1,0,0,0,0,0,0,0,0,0,Mar
191565,3,2,1,0,0,0,0,0,0,0,2,Mar
191626,0,0,0,0,0,0,0,0,0,0,0,Mar
191660,0,0,0,0,0,0,0,0,0,0,0,Mar
191694,0,0,0,0,0,0,0,0,0,0,0,Mar
191765,1,1,0,0,0,0,0,0,0,0,0,Mar
191833,0,0,0,0,0,0,0,0,0,0,0,Mar
191894,0,0,0,0,0,0,0,0,0,0,0,Mar
191997,4,3,1,0,0,0,0,0,0,0,0,Mar
192159,0,0,0,0,0,0,0,0,0,0,0,Mar
192172,4,2,2,0,0,0,0,0,0,0,0,Mar
192183,3,2,1,0,0,0,0,0,0,0,0,Mar
193005,0,0,0,0,0,0,0,0,0,0,0,Mar
193156,2,2,0,0,0,0,0,0,0,0,0,Mar
193326,0,0,0,0,0,0,0,0,0,0,0,Mar
193332,2,1,1,0,0,0,0,0,0,0,0,Mar
193347,2,1,1,0,0,0,0,0,0,0,2,Mar
193776,8,4,4,0,0,0,0,0,0,0,4,Mar
193817,8,5,3,0,0,0,0,0,0,0,0,Mar
194035,4,2,2,0,0,0,0,0,0,0,2,Mar
194100,8,4,4,0,0,0,0,0,0,0,2,Mar
194189,0,0,0,0,0,0,0,0,0,0,0,Mar
194282,6,3,3,0,0,0,0,0,0,0,2,Mar
194318,0,0,0,0,0,0,0,0,0,0,0,Mar
194534,4,2,2,0,0,0,0,0,0,0,0,Mar
194537,0,0,0,0,0,0,0,0,0,0,0,Mar
194937,0,0,0,0,0,0,0,0,0,0,0,Mar
195064,2,1,1,0,0,0,0,0,0,0,2,Mar
195179,2,1,1,0,0,0,0,0,0,0,0,Mar
195242,1,0,0,0,0,0,0,0,0,0,0,Mar
195288,2,1,1,0,0,0,0,0,0,0,0,Mar
195353,0,0,0,0,0,0,0,0,0,0,0,Mar
195362,6,3,3,0,0,0,0,0,0,0,0,Mar
195523,2,1,1,0,0,0,0,0,0,0,2,Mar
195534,0,0,0,0,0,0,0,0,0,0,0,Mar
195555,0,0,0,0,0,0,0,0,0,0,0,Mar
195926,0,0,0,0,0,0,0,0,0,0,0,Mar
196000,0,0,0,0,0,0,0,0,0,0,0,Mar
196015,4,2,2,0,0,0,0,0,0,0,4,Mar
196020,4,2,2,0,0,0,0,0,0,0,0,Mar
196042,2,1,1,0,0,0,0,0,0,0,2,Mar
196044,1,1,0,0,0,0,0,0,0,0,0,Mar
196220,1,1,0,0,0,0,0,0,0,0,0,Mar
196251,1,1,0,0,0,0,0,0,0,0,0,Mar
196283,0,0,0,0,0,0,0,0,0,0,0,Mar
196406,1,1,0,0,0,0,0,0,0,0,0,Mar
196481,0,0,0,0,0,0,0,0,0,0,0,Mar
196497,2,1,1,0,0,0,0,0,0,0,0,Mar
196531,0,0,0,0,0,0,0,0,0,0,0,Mar
196773,4,2,2,0,0,0,0,0,0,0,4,Mar
196918,0,0,0,0,0,0,0,0,0,0,0,Mar
197011,2,1,1,0,0,0,0,0,0,0,0,Mar
197041,0,0,0,0,0,0,0,0,0,0,0,Mar
197116,0,0,0,0,0,0,0,0,0,0,0,Mar
197122,4,4,0,0,0,0,0,0,0,0,0,Mar
197173,2,2,0,0,0,0,0,0,0,0,0,Mar
197766,2,1,1,0,0,0,0,0,0,0,2,Mar
197862,0,0,0,0,0,0,0,0,0,0,0,Mar
197876,0,0,0,0,0,0,0,0,0,0,0,Mar
197891,0,0,0,0,0,0,0,0,0,0,0,Mar
197930,0,0,0,0,0,0,0,0,0,0,0,Mar
198831,8,5,3,0,0,0,0,2,0,0,2,Mar
198940,0,0,0,0,0,0,0,0,0,0,0,Mar
198972,2,1,1,0,0,0,0,0,0,0,2,Mar
199010,0,0,0,0,0,0,0,0,0,0,0,Mar
199046,2,1,1,0,0,0,0,0,0,0,2,Mar
199072,4,2,2,0,0,0,0,0,0,0,0,Mar
199142,0,0,0,0,0,0,0,0,0,0,0,Mar
199233,0,0,0,0,0,0,0,0,0,0,0,Mar
199246,0,0,0,0,0,0,0,0,0,0,0,Mar
199267,12,6,6,0,0,0,0,0,0,0,0,Mar
199308,2,1,1,0,0,0,0,0,0,0,2,Mar
199340,0,0,0,0,0,0,0,0,0,0,0,Mar
200078,1,1,0,0,0,0,0,0,0,0,0,Mar
200159,4,4,0,0,4,0,0,0,0,0,0,Mar
200848,2,2,0,0,0,0,0,0,0,0,0,Mar
200850,0,0,0,0,0,0,0,0,0,0,0,Mar
200939,0,0,0,0,0,0,0,0,0,0,0,Mar
201179,2,1,1,0,0,0,0,0,0,0,2,Mar
201205,12,6,6,0,0,0,0,0,0,4,0,Mar
201235,4,3,1,0,0,0,0,0,0,0,2,Mar
201309,4,2,2,0,0,0,0,0,0,0,0,Mar
201314,2,2,0,0,0,0,0,0,0,0,0,Mar
201342,8,4,4,0,0,0,0,0,0,0,2,Mar
201356,9,6,3,0,0,0,0,0,0,0,0,Mar
201417,4,4,0,0,0,0,0,0,0,0,0,Mar
201435,0,0,0,0,0,0,0,0,0,0,0,Mar
201513,1,1,0,0,0,0,0,0,0,0,0,Mar
201573,16,8,8,0,0,0,0,0,0,0,2,Mar
201624,0,0,0,0,0,0,0,0,0,0,0,Mar
201681,0,0,0,0,0,0,0,0,0,0,0,Mar
201912,0,0,0,0,0,0,0,0,0,0,0,Mar
202079,0,0,0,0,0,0,0,0,0,0,0,Mar
202247,2,1,1,0,0,0,0,0,0,0,0,Mar
202316,4,2,2,0,0,0,0,0,0,0,2,Mar
202379,8,4,4,0,0,0,0,0,0,0,0,Mar
202391,2,2,0,0,0,0,0,0,0,0,0,Mar
202440,0,0,0,0,0,0,0,0,0,0,0,Mar
202588,2,1,1,0,0,0,0,0,0,0,0,Mar
202616,2,1,1,0,0,0,0,0,0,0,2,Mar
202640,2,1,1,0,0,0,0,0,0,0,2,Mar
202647,0,0,0,0,0,0,0,0,0,0,0,Mar
202674,4,2,2,0,0,0,0,0,0,0,4,Mar
202679,1,0,0,0,0,0,0,0,0,0,0,Mar
202685,0,0,0,0,0,0,0,0,0,0,0,Mar
202715,0,0,0,0,0,0,0,0,0,0,0,Mar
202724,0,0,0,0,0,0,0,0,0,0,0,Mar
202749,4,2,2,0,0,0,0,0,0,0,4,Mar
202795,0,0,0,0,0,0,0,0,0,0,0,Mar
202838,4,4,0,0,0,0,0,0,0,0,0,Mar
202902,5,4,1,0,0,0,0,0,1,0,0,Mar
202911,2,1,1,0,0,0,0,0,0,0,0,Mar
203256,6,3,3,0,0,0,0,0,0,0,6,Mar
203279,0,0,0,0,0,0,0,0,0,0,0,Mar
203341,2,2,0,0,0,0,0,0,0,0,0,Mar
203856,2,2,0,0,0,0,0,0,0,0,0,Mar
204213,2,1,1,0,0,0,0,0,0,0,0,Mar
204220,0,0,0,0,0,0,0,0,0,0,0,Mar
204256,0,0,0,0,0,0,0,0,0,0,0,Mar
204258,4,2,2,0,0,0,0,0,0,0,4,Mar
204351,1,1,0,0,0,0,0,0,0,0,0,Mar
204451,12,6,6,0,0,0,0,0,0,0,0,Mar
204487,2,1,1,0,0,0,0,0,0,0,2,Mar
204549,0,0,0,0,0,0,0,0,0,0,0,Mar
204587,0,0,0,0,0,0,0,0,0,0,0,Mar
204645,4,2,2,0,0,0,0,0,0,0,0,Mar
204647,8,6,2,0,0,0,0,0,0,0,4,Mar
204696,0,0,0,0,0,0,0,0,0,0,0,Mar
204880,9,5,4,0,0,0,0,0,0,0,8,Mar
204912,0,0,0,0,0,0,0,0,0,0,0,Mar
204916,0,0,0,0,0,0,0,0,0,0,0,Mar
204935,0,0,0,0,0,0,0,0,0,0,0,Mar
204963,2,2,0,0,0,0,0,0,0,0,0,Mar
205002,6,3,3,0,0,0,0,0,0,0,0,Mar
205113,0,0,0,0,0,0,0,0,0,0,0,Mar
205462,4,2,2,0,0,0,0,0,0,0,0,Mar
205469,0,0,0,0,0,0,0,0,0,0,0,Mar
205501,0,0,0,0,0,0,0,0,0,0,0,Mar
205525,0,0,0,0,0,0,0,0,0,0,0,Mar
205575,0,0,0,0,0,0,0,0,0,0,0,Mar
205607,0,0,0,0,0,0,0,0,0,0,0,Mar
205744,0,0,0,0,0,0,0,0,0,0,0,Mar
205773,0,0,0,0,0,0,0,0,0,0,0,Mar
205775,4,4,0,0,0,0,0,0,0,0,0,Mar
205844,0,0,0,0,0,0,0,0,0,0,0,Mar
205859,4,2,2,0,0,0,0,0,0,0,2,Mar
205869,16,8,8,0,0,0,0,0,0,0,0,Mar
205954,4,3,1,0,0,0,2,0,0,0,2,Mar
205975,2,1,1,0,0,0,0,0,0,0,2,Mar
205979,4,2,2,0,0,0,0,0,0,0,0,Mar
206016,2,1,1,0,0,0,0,0,0,0,0,Mar
206039,0,0,0,0,0,0,0,0,0,0,0,Mar
206071,0,0,0,0,0,0,0,0,0,0,0,Mar
206112,0,0,0,0,0,0,0,0,0,0,0,Mar
206173,2,1,1,0,0,0,0,0,0,0,2,Mar
206211,4,2,2,0,0,0,0,0,0,0,0,Mar
206312,0,0,0,0,0,0,0,0,0,0,0,Mar
206416,2,1,1,0,0,0,0,0,0,0,0,Mar
206541,2,1,1,0,0,0,0,0,0,0,2,Mar
206618,4,2,2,0,0,0,0,0,0,0,4,Mar
206686,4,2,2,0,0,0,0,0,0,0,2,Mar
206718,0,0,0,0,0,0,0,0,0,0,0,Mar
206936,0,0,0,0,0,0,0,0,0,0,0,Mar
206970,0,0,0,0,0,0,0,0,0,0,0,Mar
207027,2,1,1,0,0,0,0,2,0,0,0,Mar
207182,12,6,6,0,0,0,0,0,0,0,0,Mar
207185,0,0,0,0,0,0,0,0,0,0,0,Mar
207307,0,0,0,0,0,0,0,0,0,0,0,Mar
207468,0,0,0,0,0,0,0,0,0,0,0,Mar
207496,5,3,2,0,0,0,0,0,0,0,4,Mar
207649,4,2,2,0,0,0,0,0,0,0,2,Mar
207660,3,2,1,0,0,0,0,0,0,0,0,Mar
207714,0,0,0,0,0,0,0,0,0,0,0,Mar
207753,2,1,1,0,0,0,0,0,0,0,0,Mar
207764,6,3,3,0,0,0,0,0,0,0,4,Mar
207775,6,3,3,0,0,0,0,0,0,0,0,Mar
207846,0,0,0,0,0,0,0,0,0,0,0,Mar
207853,0,0,0,0,0,0,0,0,0,0,0,Mar
207917,2,1,1,0,0,0,0,0,0,0,0,Mar
207985,2,1,1,0,0,0,0,0,0,0,0,Mar
208046,0,0,0,0,0,0,0,0,0,0,0,Mar
208185,1,1,0,0,0,0,0,0,0,0,0,Mar
208519,2,1,1,0,0,0,0,0,0,0,0,Mar
208552,0,0,0,0,0,0,0,0,0,0,0,Mar
208628,0,0,0,0,0,0,0,0,0,0,0,Mar
208657,4,2,2,0,0,0,0,0,0,0,4,Mar
208843,0,0,0,0,0,0,0,0,0,0,0,Mar
208875,24,14,10,0,0,0,2,0,0,0,4,Mar
208886,0,0,0,0,0,0,0,0,0,0,0,Mar
208889,13,8,5,0,0,0,0,0,0,0,4,Mar
209037,0,0,0,0,0,0,0,0,0,0,0,Mar
209091,4,2,2,0,0,0,0,0,0,0,4,Mar
209123,0,0,0,0,0,0,0,0,0,0,0,Mar
209173,0,0,0,0,0,0,0,0,0,0,0,Mar
209746,9,6,3,6,0,0,0,0,0,0,0,Mar
209835,5,3,2,0,0,0,0,0,0,0,4,Mar
210014,2,1,1,0,0,0,0,0,0,0,0,Mar
210312,2,2,0,0,0,0,0,0,0,0,0,Mar
210355,0,0,0,0,0,0,0,0,0,0,0,Mar
210377,2,1,1,0,0,0,0,0,0,0,2,Mar
210381,12,6,6,0,0,0,0,0,0,0,0,Mar
210382,0,0,0,0,0,0,0,0,0,0,0,Mar
210396,4,2,2,0,0,0,0,0,0,0,4,Mar
210456,2,1,1,0,0,0,0,0,0,0,2,Mar
210471,0,0,0,0,0,0,0,0,0,0,0,Mar
210474,8,4,4,0,0,0,0,0,0,0,0,Mar
210538,2,1,1,0,0,0,0,0,0,0,0,Mar
210544,4,3,1,0,0,0,0,0,0,0,2,Mar
210573,8,5,3,0,0,0,0,0,0,0,0,Mar
210575,6,3,3,0,0,0,0,0,0,0,0,Mar
210744,0,0,0,0,0,0,0,0,0,0,0,Mar
210775,0,0,0,0,0,0,0,0,0,0,0,Mar
212288,3,2,1,0,0,0,0,0,0,0,2,Mar
212320,2,1,1,0,0,0,0,0,0,0,0,Mar
212675,4,2,2,0,0,0,0,0,0,0,2,Mar
212940,0,0,0,0,0,0,0,0,0,0,0,Mar
213779,2,1,1,0,0,0,0,0,0,0,2,Mar
213864,0,0,0,0,0,0,0,0,0,0,0,Mar
213963,0,0,0,0,0,0,0,0,0,0,0,Mar
213989,0,0,0,0,0,0,0,0,0,0,0,Mar
214093,0,0,0,0,0,0,0,0,0,0,0,Mar
214243,0,0,0,0,0,0,0,0,0,0,0,Mar
214264,4,2,2,0,0,0,0,0,0,0,4,Mar
214332,0,0,0,0,0,0,0,0,0,0,0,Mar
215834,0,0,0,0,0,0,0,0,0,0,0,Mar
215945,0,0,0,0,0,0,0,0,0,0,0,Mar
216034,0,0,0,0,0,0,0,0,0,0,0,Mar
216041,8,4,4,0,0,0,0,0,0,0,0,Mar
216246,8,4,4,0,0,0,0,0,0,0,8,Mar
216364,0,0,0,0,0,0,0,0,0,0,0,Mar
216378,4,2,2,0,0,0,0,0,0,0,4,Mar
216402,0,0,0,0,0,0,0,0,0,0,0,Mar
216413,0,0,0,0,0,0,0,0,0,0,0,Mar
216428,0,0,0,0,0,0,0,0,0,0,0,Mar
216450,2,1,1,0,0,0,0,0,0,0,2,Mar
216518,5,3,2,0,0,0,0,0,0,0,0,Mar
216525,0,0,0,0,0,0,0,0,0,0,0,Mar
216531,1,1,0,0,0,0,0,0,0,0,0,Mar
216538,0,0,0,0,0,0,0,0,0,0,0,Mar
216595,2,2,0,0,0,0,0,0,0,0,0,Mar
216621,0,0,0,0,0,0,0,0,0,0,0,Mar
216627,0,0,0,0,0,0,0,0,0,0,0,Mar
216632,0,0,0,0,0,0,0,0,0,0,0,Mar
216650,0,0,0,0,0,0,0,0,0,0,0,Mar
216660,0,0,0,0,0,0,0,0,0,0,0,Mar
216678,0,0,0,0,0,0,0,0,0,0,0,Mar
216682,0,0,0,0,0,0,0,0,0,0,0,Mar
216742,1,1,0,0,0,0,0,0,0,0,0,Mar
216749,4,2,2,0,0,0,0,0,0,0,4,Mar
216771,9,5,4,0,1,0,0,0,0,0,2,Mar
216796,4,2,2,0,0,0,0,0,0,0,0,Mar
216809,0,0,0,0,0,0,0,0,0,0,0,Mar
216813,8,5,3,0,0,0,0,0,0,0,2,Mar
216839,4,2,2,0,0,0,0,0,0,0,2,Mar
216845,2,1,1,0,0,0,0,0,0,0,0,Mar
216877,0,0,0,0,0,0,0,0,0,0,0,Mar
216918,1,1,0,0,0,0,0,0,0,0,0,Mar
217013,16,12,4,0,0,0,0,0,0,8,0,Mar
217050,6,4,2,0,0,0,0,0,0,0,4,Mar
217067,0,0,0,0,0,0,0,0,0,0,0,Mar
217306,4,2,2,0,0,0,0,0,0,0,0,Mar
217633,3,3,0,0,0,0,0,0,0,0,0,Mar
218024,0,0,0,0,0,0,0,0,0,0,0,Mar
218839,0,0,0,0,0,0,0,0,0,0,0,Mar
218872,0,0,0,0,0,0,0,0,0,0,0,Mar
218935,1,1,0,0,0,0,0,0,0,0,0,Mar
219042,0,0,0,0,0,0,0,0,0,0,0,Mar
219133,2,1,1,0,0,0,0,0,0,0,0,Mar
219221,0,0,0,0,0,0,0,0,0,0,0,Mar
219230,0,0,0,0,0,0,0,0,0,0,0,Mar
219319,0,0,0,0,0,0,0,0,0,0,0,Mar
219638,0,0,0,0,0,0,0,0,0,0,0,Mar
219641,0,0,0,0,0,0,0,0,0,0,0,Mar
219667,2,1,1,0,0,0,0,0,0,0,0,Mar
219864,6,5,1,0,0,0,0,0,0,0,2,Mar
219887,0,0,0,0,0,0,0,0,0,0,0,Mar
220014,0,0,0,0,0,0,0,0,0,0,0,Mar
220087,2,1,1,0,0,0,0,0,0,0,2,Mar
220096,0,0,0,0,0,0,0,0,0,0,0,Mar
220105,4,2,2,0,0,0,0,0,0,0,0,Mar
220128,6,3,3,0,0,0,0,0,0,0,6,Mar
220243,2,1,1,0,0,0,0,0,0,0,2,Mar
220276,2,1,1,0,0,0,0,0,0,0,2,Mar
220339,0,0,0,0,0,0,0,0,0,0,0,Mar
220735,4,2,2,0,0,0,0,0,0,0,4,Mar
220901,0,0,0,0,0,0,0,0,0,0,0,Mar
220984,4,2,2,0,0,0,0,0,0,0,2,Mar
221007,0,0,0,0,0,0,0,0,0,0,0,Mar
221272,0,0,0,0,0,0,0,0,0,0,0,Mar
221427,0,0,0,0,0,0,0,0,0,0,0,Mar
221568,4,3,1,0,1,0,0,0,0,0,0,Mar
221571,12,6,6,0,0,0,0,0,0,0,2,Mar
221602,2,1,1,0,0,0,0,0,0,0,0,Mar
221660,8,4,4,0,0,0,0,0,0,0,8,Mar
221664,6,3,3,0,0,0,0,0,0,0,0,Mar
221681,16,8,8,0,0,0,0,0,0,0,12,Mar
221706,2,1,1,0,0,0,0,0,0,0,0,Mar
221735,6,4,2,0,0,0,0,0,0,0,4,Mar
221771,0,0,0,0,0,0,0,0,0,0,0,Mar
222031,0,0,0,0,0,0,0,0,0,0,0,Mar
222099,2,1,1,0,0,0,0,0,0,0,0,Mar
222104,8,4,4,0,0,0,0,0,0,0,0,Mar
222125,2,1,1,0,0,0,0,0,0,0,2,Mar
222308,2,2,0,0,0,0,0,0,0,0,0,Mar
223360,3,2,1,0,0,0,1,0,0,0,0,Mar
223381,8,4,4,0,0,0,0,0,0,0,0,Mar
223951,0,0,0,0,0,0,0,0,0,0,0,Mar
223983,6,4,2,0,0,0,0,0,0,0,0,Mar
224047,12,8,4,0,0,0,0,0,0,0,8,Mar
224064,1,1,0,0,0,0,0,0,0,0,0,Mar
224096,0,0,0,0,0,0,0,0,0,0,0,Mar
224396,4,2,2,0,0,0,0,0,0,0,0,Mar
224496,0,0,0,0,0,0,0,0,0,0,0,Mar
225053,0,0,0,0,0,0,0,0,0,0,0,Mar
225096,3,2,1,0,0,0,0,0,0,0,2,Mar
225128,0,0,0,0,0,0,0,0,0,0,0,Mar
225525,7,4,3,0,0,0,0,0,0,0,4,Mar
225788,15,9,6,0,0,0,0,0,0,0,2,Mar
225837,0,0,0,0,0,0,0,0,0,0,0,Mar
225865,7,4,3,0,1,0,0,1,0,0,4,Mar
225939,2,1,1,0,0,0,0,0,0,0,0,Mar
226001,3,3,0,0,0,0,1,0,0,0,0,Mar
226018,0,0,0,0,0,0,0,0,0,0,0,Mar
226065,0,0,0,0,0,0,0,0,0,0,0,Mar
226083,2,1,1,0,0,0,0,0,0,0,2,Mar
226173,0,0,0,0,0,0,0,0,0,0,0,Mar
226186,4,2,2,0,0,0,0,0,0,0,0,Mar
226200,6,3,3,0,0,0,0,0,0,0,4,Mar
226232,0,0,0,0,0,0,0,0,0,0,0,Mar
226324,1,1,0,0,0,0,0,0,0,0,0,Mar
226418,0,0,0,0,0,0,0,0,0,0,0,Mar
226692,14,7,7,0,0,0,0,0,0,0,0,Mar
226724,0,0,0,0,0,0,0,0,0,0,0,Mar
226819,0,0,0,0,0,0,0,0,0,0,0,Mar
226902,4,3,1,0,0,0,0,0,0,0,0,Mar
226934,4,2,2,0,0,0,0,0,0,0,0,Mar
227228,0,0,0,0,0,0,0,0,0,0,0,Mar
227506,0,0,0,0,0,0,0,0,0,0,0,Mar
228206,0,0,0,0,0,0,0,0,0,0,0,Mar
228319,0,0,0,0,0,0,0,0,0,0,0,Mar
228351,3,3,0,0,0,0,0,0,0,0,0,Mar
228367,12,8,4,0,0,0,4,0,0,0,0,Mar
228388,5,3,2,0,0,0,0,0,0,0,0,Mar
228461,12,6,6,0,0,0,0,0,0,0,2,Mar
228622,0,0,0,0,0,0,0,0,0,0,0,Mar
228623,0,0,0,0,0,0,0,0,0,0,0,Mar
228625,2,1,1,0,0,0,0,0,0,0,2,Mar
228685,5,3,2,0,0,0,0,0,0,0,0,Mar
228686,5,5,0,0,0,0,0,0,0,0,0,Mar
228700,0,0,0,0,0,0,0,0,0,0,0,Mar
228718,2,1,1,0,0,0,0,0,0,0,2,Mar
228732,2,2,0,0,0,0,0,0,0,0,0,Mar
228760,0,0,0,0,0,0,0,0,0,0,0,Mar
228761,1,1,0,0,0,0,0,0,0,0,0,Mar
228762,8,6,2,0,0,0,0,0,0,0,4,Mar
228824,6,3,3,0,0,0,0,0,0,0,2,Mar
228829,2,1,1,0,0,0,0,0,0,0,0,Mar
228854,0,0,0,0,0,0,0,0,0,0,0,Mar
228861,4,3,1,0,0,0,0,0,0,0,2,Mar
229025,0,0,0,0,0,0,0,0,0,0,0,Mar
229029,0,0,0,0,0,0,0,0,0,0,0,Mar
229089,0,0,0,0,0,0,0,0,0,0,0,Mar
229118,0,0,0,0,0,0,0,0,0,0,0,Mar
229125,0,0,0,0,0,0,0,0,0,0,0,Mar
229495,6,2,1,0,0,0,0,0,0,0,2,Mar
229687,16,8,8,0,0,0,0,0,0,0,4,Mar
229749,6,3,3,0,0,0,0,0,0,0,6,Mar
229853,0,0,0,0,0,0,0,0,0,0,0,Mar
229968,8,5,3,0,0,0,0,0,0,0,0,Mar
229970,24,12,12,0,0,0,0,0,0,0,0,Mar
230000,4,2,2,0,0,0,0,0,0,0,4,Mar
230133,3,2,1,0,0,0,0,0,0,0,2,Mar
230284,4,3,1,0,0,0,0,0,0,0,2,Mar
230386,0,0,0,0,0,0,0,0,0,0,0,Mar
230573,2,1,1,0,0,0,0,0,0,0,0,Mar
230677,3,2,1,0,0,0,0,0,0,2,0,Mar
232025,0,0,0,0,0,0,0,0,0,0,0,Mar
232193,0,0,0,0,0,0,0,0,0,0,0,Mar
232346,2,2,0,0,0,0,0,0,0,0,0,Mar
233213,2,2,0,0,0,0,0,0,0,0,0,Mar
233224,8,4,4,0,0,0,0,0,0,0,8,Mar
233256,4,2,2,0,0,0,0,0,0,0,0,Mar
233258,0,0,0,0,0,0,0,0,0,0,0,Mar
233287,0,0,0,0,0,0,0,0,0,0,0,Mar
233381,0,0,0,0,0,0,0,0,0,0,0,Mar
233456,0,0,0,0,0,0,0,0,0,0,0,Mar
233482,0,0,0,0,0,0,0,0,0,0,0,Mar
233533,2,2,0,0,0,0,0,0,0,0,0,Mar
233588,2,2,0,0,0,0,0,0,0,0,0,Mar
233598,2,2,0,0,0,0,0,0,0,0,0,Mar
233681,3,2,1,0,0,0,1,0,0,0,2,Mar
233733,2,1,1,0,0,0,0,0,0,0,0,Mar
233735,10,6,4,0,0,0,0,0,0,2,4,Mar
233760,0,0,0,0,0,0,0,0,0,0,0,Mar
233966,6,6,0,0,0,0,0,0,0,0,0,Mar
233969,11,6,5,0,0,0,0,0,0,0,0,Mar
234110,5,4,1,0,0,0,0,0,0,0,0,Mar
234271,4,2,2,0,0,0,0,0,0,0,0,Mar
234418,2,2,0,0,0,0,0,0,0,0,0,Mar
234508,4,3,1,0,0,0,0,0,0,0,2,Mar
234604,0,0,0,0,0,0,0,0,0,0,0,Mar
234680,3,3,0,0,0,0,0,0,0,0,0,Mar
234752,2,1,1,0,0,0,0,0,0,0,0,Mar
234775,4,3,1,0,0,0,0,0,0,0,2,Mar
234839,4,2,2,0,0,0,0,0,0,0,2,Mar
234848,8,4,4,0,0,0,0,0,0,0,6,Mar
234880,4,2,2,0,0,0,0,0,0,0,0,Mar
234914,0,0,0,0,0,0,0,0,0,0,0,Mar
234928,16,10,6,0,0,0,0,0,0,0,0,Mar
234930,0,0,0,0,0,0,0,0,0,0,0,Mar
234935,0,0,0,0,0,0,0,0,0,0,0,Mar
234959,0,0,0,0,0,0,0,0,0,0,0,Mar
234982,2,1,1,0,0,0,0,0,0,0,0,Mar
235001,4,4,0,0,0,0,0,0,0,0,0,Mar
235007,2,1,1,0,0,0,0,0,0,0,0,Mar
235016,2,1,1,0,0,0,0,0,0,0,2,Mar
235048,2,1,1,0,0,0,0,0,0,0,0,Mar
235073,13,10,3,0,0,0,0,0,0,0,0,Mar
235080,4,3,1,0,0,0,0,0,0,0,2,Mar
235150,6,3,3,0,0,0,0,0,0,0,6,Mar
235157,0,0,0,0,0,0,0,0,0,0,0,Mar
235227,0,0,0,0,0,0,0,0,0,0,0,Mar
235312,1,1,0,0,0,0,0,0,0,0,0,Mar
235326,1,1,0,0,0,0,0,0,0,0,0,Mar
235343,10,4,6,0,0,0,0,0,0,0,10,Mar
235364,3,2,1,0,0,0,0,0,0,0,0,Mar
235389,0,0,0,0,0,0,0,0,0,0,0,Mar
235405,1,1,0,0,0,0,0,0,0,0,0,Mar
235437,3,2,1,0,0,0,0,0,0,0,2,Mar
235464,0,0,0,0,0,0,0,0,0,0,0,Mar
235603,2,1,1,0,0,0,0,0,0,0,0,Mar
235660,0,0,0,0,0,0,0,0,0,0,0,Mar
235775,6,3,3,0,0,0,0,0,0,0,6,Mar
235816,0,0,0,0,0,0,0,0,0,0,0,Mar
235835,2,1,1,0,0,0,0,0,0,0,1,Mar
236018,0,0,0,0,0,0,0,0,0,0,0,Mar
236279,0,0,0,0,0,0,0,0,0,0,0,Mar
236391,2,2,0,0,0,0,0,0,0,0,0,Mar
236446,10,6,4,0,2,0,0,0,0,0,0,Mar
236472,0,0,0,0,0,0,0,0,0,0,0,Mar
236479,0,0,0,0,0,0,0,0,0,0,0,Mar
236536,4,2,2,0,0,0,0,0,0,0,0,Mar
236584,0,0,0,0,0,0,0,0,0,0,0,Mar
236591,2,1,1,0,0,0,0,0,0,0,2,Mar
236615,2,1,1,0,0,0,0,0,0,0,0,Mar
236647,8,4,4,0,0,0,0,0,0,0,8,Mar
236711,21,18,3,0,0,0,0,0,0,0,6,Mar
237015,2,1,1,0,0,0,0,0,0,0,0,Mar
237132,2,2,0,0,0,0,0,0,0,0,0,Mar
237235,2,1,1,0,0,0,0,0,0,0,0,Mar
237314,2,1,1,0,0,0,0,0,0,0,2,Mar
237325,1,1,0,0,0,0,0,0,0,0,0,Mar
237378,4,3,1,0,1,0,0,0,0,0,2,Mar
237495,2,1,1,0,0,0,0,0,0,0,2,Mar
237588,0,0,0,0,0,0,0,0,0,0,0,Mar
237619,0,0,0,0,0,0,0,0,0,0,0,Mar
237645,8,4,4,0,0,0,0,0,0,0,4,Mar
238008,0,0,0,0,0,0,0,0,0,0,0,Mar
238150,1,1,0,0,0,0,0,0,0,0,0,Mar
238678,6,3,3,0,0,0,0,0,0,0,0,Mar
238842,6,3,3,0,0,0,0,0,0,0,0,Mar
239091,0,0,0,0,0,0,0,0,0,0,0,Mar
239195,0,0,0,0,0,0,0,0,0,0,0,Mar
239205,4,2,2,0,0,0,0,0,0,0,0,Mar
239227,4,2,2,0,0,0,0,0,0,0,4,Mar
239291,3,2,1,0,0,0,0,0,0,0,2,Mar
239310,0,0,0,0,0,0,0,0,0,0,0,Mar
239324,2,1,1,0,0,0,0,0,0,0,2,Mar
239410,2,1,1,0,0,0,0,0,0,0,2,Mar
239420,0,0,0,0,0,0,0,0,0,0,0,Mar
240007,0,0,0,0,0,0,0,0,0,0,0,Mar
240019,3,2,1,0,0,0,0,0,0,0,0,Mar
240117,4,2,2,0,0,0,0,0,0,0,4,Mar
240190,0,0,0,0,0,0,0,0,0,0,0,Mar
240322,0,0,0,0,0,0,0,0,0,0,0,Mar
240373,2,1,1,0,0,0,0,0,0,0,0,Mar
240387,0,0,0,0,0,0,0,0,0,0,0,Mar
240437,0,0,0,0,0,0,0,0,0,0,0,Mar
240438,36,18,18,0,0,0,0,0,0,0,4,Mar
240448,0,0,0,0,0,0,0,0,0,0,0,Mar
240459,4,2,2,0,0,0,0,0,0,0,2,Mar
240480,2,1,1,0,0,0,0,0,0,0,2,Mar
240573,5,3,2,0,0,0,0,0,0,0,0,Mar
240616,0,0,0,0,0,0,0,0,0,0,0,Mar
240647,0,0,0,0,0,0,0,0,0,0,0,Mar
240847,12,6,6,0,0,0,0,0,0,0,12,Mar
240880,0,0,0,0,0,0,0,0,0,0,0,Mar
241056,0,0,0,0,0,0,0,0,0,0,0,Mar
241078,2,1,1,0,0,0,0,0,0,0,0,Mar
241114,5,4,1,0,0,0,0,0,0,0,2,Mar
241282,0,0,0,0,0,0,0,0,0,0,0,Mar
241950,2,2,0,0,0,0,0,0,0,0,0,Mar
242112,0,0,0,0,0,0,0,0,0,0,0,Mar
242135,2,2,0,0,0,0,0,0,0,0,0,Mar
242167,0,0,0,0,0,0,0,0,0,0,0,Mar
242596,0,0,0,0,0,0,0,0,0,0,0,Mar
242631,0,0,0,0,0,0,0,0,0,0,0,Mar
242714,0,0,0,0,0,0,0,0,0,0,0,Mar
242808,0,0,0,0,0,0,0,0,0,0,0,Mar
242887,4,2,2,0,0,0,0,0,0,0,0,Mar
242960,4,2,2,0,0,0,0,0,0,0,4,Mar
243024,2,1,1,0,0,0,0,0,0,0,2,Mar
243058,0,0,0,0,0,0,0,0,0,0,0,Mar
243596,0,0,0,0,0,0,0,0,0,0,0,Mar
243835,2,1,1,0,0,0,0,0,0,0,2,Mar
243851,0,0,0,0,0,0,0,0,0,0,0,Mar
243897,0,0,0,0,0,0,0,0,0,0,0,Mar
243981,2,1,1,0,0,0,0,0,0,0,0,Mar
244013,0,0,0,0,0,0,0,0,0,0,0,Mar
244287,1,1,0,0,0,0,0,0,0,0,0,Mar
244464,2,2,0,0,0,0,0,0,0,0,0,Mar
244487,1,1,0,0,0,0,0,0,0,0,0,Mar
244513,0,0,0,0,0,0,0,0,0,0,0,Mar
244517,10,5,5,0,0,0,0,0,0,0,0,Mar
244519,3,2,1,0,0,0,1,0,0,0,2,Mar
244878,2,1,1,0,0,0,0,0,0,0,2,Mar
244974,0,0,0,0,0,0,0,0,0,0,0,Mar
245012,0,0,0,0,0,0,0,0,0,0,0,Mar
245114,0,0,0,0,0,0,0,0,0,0,0,Mar
245482,0,0,0,0,0,0,0,0,0,0,0,Mar
247088,0,0,0,0,0,0,0,0,0,0,0,Mar
248426,0,0,0,0,0,0,0,0,0,0,0,Mar
248572,2,1,1,0,0,0,0,0,0,0,2,Mar
248592,10,10,0,0,0,0,2,0,0,0,0,Mar
248623,4,4,0,0,0,0,0,0,0,0,0,Mar
248643,4,3,1,0,0,0,0,0,0,0,0,Mar
248882,12,6,6,0,0,0,0,0,0,0,4,Mar
248901,0,0,0,0,0,0,0,0,0,0,0,Mar
249839,6,6,0,0,0,0,0,0,0,0,0,Mar
249896,0,0,0,0,0,0,0,0,0,0,0,Mar
249932,0,0,0,0,0,0,0,0,0,0,0,Mar
250210,0,0,0,0,0,0,0,0,0,0,0,Mar
250222,0,0,0,0,0,0,0,0,0,0,0,Mar
250243,1,1,0,0,0,0,0,0,0,0,0,Mar
250320,2,1,1,0,0,0,0,0,0,0,2,Mar
250332,0,0,0,0,0,0,0,0,0,0,0,Mar
250469,6,3,3,0,0,0,0,0,0,0,0,Mar
250484,0,0,0,0,0,0,0,0,0,0,0,Mar
250511,20,16,4,0,2,0,6,0,0,0,4,Mar
250520,2,1,1,0,0,0,0,0,0,0,0,Mar
250595,2,1,1,0,0,0,0,0,0,0,0,Mar
250636,1,1,0,0,0,0,0,0,0,0,0,Mar
250714,3,3,0,0,0,0,0,0,0,0,0,Mar
250878,3,2,0,0,0,0,0,0,0,0,0,Mar
250888,5,2,2,0,0,0,0,0,0,0,0,Mar
251662,1,1,0,0,0,0,0,0,0,0,0,Mar
251683,0,0,0,0,0,0,0,0,0,0,0,Mar
251719,0,0,0,0,0,0,0,0,0,0,0,Mar
251852,1,1,0,0,0,0,0,0,0,0,0,Mar
252167,0,0,0,0,0,0,0,0,0,0,0,Mar
252182,4,2,2,0,0,0,0,0,0,0,0,Mar
252229,2,1,1,0,0,0,0,0,0,0,0,Mar
252331,0,0,0,0,0,0,0,0,0,0,0,Mar
252901,4,2,2,0,0,0,0,0,0,0,0,Mar
253124,6,3,3,0,0,0,0,0,0,0,6,Mar
253167,7,5,2,0,0,0,0,0,0,0,4,Mar
253176,0,0,0,0,0,0,0,0,0,0,0,Mar
253367,21,11,10,0,0,0,0,0,0,0,4,Mar
253380,6,3,3,0,0,0,0,0,0,0,0,Mar
254448,6,4,2,0,0,0,0,0,0,0,4,Mar
254898,4,2,2,0,0,0,0,0,0,0,0,Mar
255511,0,0,0,0,0,0,0,0,0,0,0,Mar
255773,27,15,12,0,0,0,0,0,0,0,24,Mar
255826,8,4,4,0,0,0,0,0,0,0,0,Mar
255888,2,1,1,0,0,0,0,0,0,0,0,Mar
256014,14,7,7,0,0,0,0,0,0,0,0,Mar
256065,2,2,0,0,0,0,0,0,0,0,0,Mar
256111,2,2,0,0,0,0,0,0,0,0,0,Mar
256123,0,0,0,0,0,0,0,0,0,0,0,Mar
256157,0,0,0,0,0,0,0,0,0,0,0,Mar
256173,0,0,0,0,0,0,0,0,0,0,0,Mar
256197,2,1,1,0,0,0,0,0,0,0,0,Mar
256209,4,2,2,0,0,0,0,0,0,0,0,Mar
256274,0,0,0,0,0,0,0,0,0,0,0,Mar
256324,8,4,4,0,0,0,0,0,0,0,4,Mar
256488,0,0,0,0,0,0,0,0,0,0,0,Mar
256767,2,2,0,0,0,0,0,0,0,0,0,Mar
256771,4,2,2,0,0,0,0,0,0,0,4,Mar
256907,1,0,1,0,0,0,0,0,0,0,1,Mar
256965,2,1,1,0,0,0,0,0,0,0,0,Mar
257003,2,2,0,0,0,0,0,0,0,0,0,Mar
257088,0,0,0,0,0,0,0,0,0,0,0,Mar
257410,8,5,3,0,0,0,0,0,0,0,2,Mar
257628,2,1,1,0,0,0,0,0,0,0,2,Mar
258356,10,8,2,0,0,0,0,0,0,0,4,Mar
259143,16,8,8,0,0,0,0,0,0,0,2,Mar
259416,3,2,1,0,0,0,0,0,0,0,0,Mar
259696,2,2,0,0,0,0,0,0,0,0,0,Mar
259699,0,0,0,0,0,0,0,0,0,0,0,Mar
259748,0,0,0,0,0,0,0,0,0,0,0,Mar
259759,1,1,0,0,0,0,1,0,0,0,0,Mar
259881,2,2,0,0,0,0,0,0,0,0,0,Mar
260159,4,2,2,0,0,0,0,0,0,0,4,Mar
260232,0,0,0,0,0,0,0,0,0,0,0,Mar
260500,2,2,0,0,0,0,0,0,0,0,0,Mar
260935,2,1,1,0,0,0,0,0,0,0,0,Mar
262045,2,1,1,0,0,0,0,0,0,0,2,Mar
262047,0,0,0,0,0,0,0,0,0,0,0,Mar
262079,2,2,0,0,0,0,0,0,0,0,0,Mar
262096,4,2,2,0,0,0,0,0,0,0,0,Mar
262109,3,2,1,0,0,0,0,0,0,0,2,Mar
262130,3,3,0,0,0,0,0,0,0,0,0,Mar
262195,0,0,0,0,0,0,0,0,0,0,0,Mar
262280,0,0,0,0,0,0,0,0,0,0,0,Mar
264848,0,0,0,0,0,0,0,0,0,0,0,Mar
265688,1,1,0,0,0,0,0,0,0,0,0,Mar
265875,0,0,0,0,0,0,0,0,0,0,0,Mar
266013,0,0,0,0,0,0,0,0,0,0,0,Mar
266183,0,0,0,0,0,0,0,0,0,0,0,Mar
267767,0,0,0,0,0,0,0,0,0,0,0,Mar
268132,2,1,1,0,0,0,0,0,0,0,2,Mar
268147,0,0,0,0,0,0,0,0,0,0,0,Mar
268664,3,2,1,0,0,0,0,0,0,0,2,Mar
268777,2,1,1,0,0,0,0,0,0,0,2,Mar
270583,0,0,0,0,0,0,0,0,0,0,0,Mar
271924,8,4,4,0,0,0,0,0,0,0,8,Mar
272087,4,2,2,0,0,0,0,0,0,0,4,Mar
272192,2,2,0,0,0,0,1,0,1,0,0,Mar
272285,0,0,0,0,0,0,0,0,0,0,0,Mar
272407,2,1,1,0,0,0,0,0,0,0,2,Mar
272440,2,1,1,0,0,0,0,0,0,0,0,Mar
272503,5,3,2,0,0,0,0,0,0,0,2,Mar
273376,12,7,5,0,0,0,0,0,0,0,10,Mar
273407,2,1,1,0,0,0,0,0,0,0,2,Mar
273512,2,1,1,0,0,0,0,0,0,0,2,Mar
273637,0,0,0,0,0,0,0,0,0,0,0,Mar
273639,0,0,0,0,0,0,0,0,0,0,0,Mar
275335,4,2,2,0,0,0,0,0,0,0,0,Mar
277426,3,2,1,0,0,0,0,0,0,0,2,Mar
277590,11,10,1,0,0,0,9,2,0,0,0,Mar
277723,0,0,0,0,0,0,0,0,0,0,0,Mar
277860,0,0,0,0,0,0,0,0,0,0,0,Mar
277923,20,12,8,0,0,0,0,0,0,0,14,Mar
278023,3,3,0,0,0,0,0,0,0,0,0,Mar
278027,0,0,0,0,0,0,0,0,0,0,0,Mar
278055,0,0,0,0,0,0,0,0,0,0,0,Mar
278091,0,0,0,0,0,0,0,0,0,0,0,Mar
278155,4,4,0,0,0,0,0,0,0,0,0,Mar
278164,8,6,2,0,0,0,0,0,0,0,4,Mar
278192,28,14,14,0,0,0,0,0,0,0,4,Mar
278391,6,4,2,0,0,0,0,0,0,0,0,Mar
278543,4,2,2,0,0,0,0,0,0,0,0,Mar
278575,2,2,0,0,0,0,0,0,0,0,0,Mar
278636,0,0,0,0,0,0,0,0,0,0,0,Mar
278651,0,0,0,0,0,0,0,0,0,0,0,Mar
278696,0,0,0,0,0,0,0,0,0,0,0,Mar
278725,2,1,1,0,0,0,0,0,0,0,0,Mar
278727,0,0,0,0,0,0,0,0,0,0,0,Mar
278852,1,1,0,0,0,0,0,0,0,0,0,Mar
278882,0,0,0,0,0,0,0,0,0,0,0,Mar
278901,0,0,0,0,0,0,0,0,0,0,0,Mar
278954,0,0,0,0,0,0,0,0,0,0,0,Mar
279646,6,4,2,0,1,0,0,0,0,0,2,Mar
280157,0,0,0,0,0,0,0,0,0,0,0,Mar
280189,0,0,0,0,0,0,0,0,0,0,0,Mar
280191,12,10,2,0,0,0,0,0,2,0,4,Mar
280208,6,5,1,0,0,0,0,0,0,0,2,Mar
280242,0,0,0,0,0,0,0,0,0,0,0,Mar
280899,0,0,0,0,0,0,0,0,0,0,0,Mar
281234,10,5,5,0,0,0,0,0,0,0,6,Mar
281348,0,0,0,0,0,0,0,0,0,0,0,Mar
282012,2,1,1,0,0,0,0,0,0,0,2,Mar
282178,0,0,0,0,0,0,0,0,0,0,0,Mar
282276,0,0,0,0,0,0,0,0,0,0,0,Mar
282287,0,0,0,0,0,0,0,0,0,0,0,Mar
282324,4,2,2,0,0,0,0,0,0,0,0,Mar
282415,5,5,0,0,0,0,0,0,2,0,0,Mar
283157,2,1,1,0,0,0,0,0,0,0,0,Mar
283255,2,1,1,0,0,0,0,0,0,2,0,Mar
283266,0,0,0,0,0,0,0,0,0,0,0,Mar
283296,4,3,1,0,0,0,0,0,0,0,0,Mar
283588,5,3,2,0,0,0,0,0,0,0,2,Mar
285368,0,0,0,0,0,0,0,0,0,0,0,Mar
285431,0,0,0,0,0,0,0,0,0,0,0,Mar
285704,4,3,1,0,0,0,0,0,0,0,2,Mar
285842,0,0,0,0,0,0,0,0,0,0,0,Mar
285861,2,2,0,0,0,0,0,0,0,0,0,Mar
285965,0,0,0,0,0,0,0,0,0,0,0,Mar
288292,14,7,7,0,0,0,0,0,0,0,6,Mar
288542,0,0,0,0,0,0,0,0,0,0,0,Mar
288574,4,2,2,0,0,0,0,0,0,0,4,Mar
288578,0,0,0,0,0,0,0,0,0,0,0,Mar
288685,6,6,0,0,0,0,0,0,0,0,0,Mar
288706,12,10,2,0,0,0,0,0,0,0,4,Mar
288866,0,0,0,0,0,0,0,0,0,0,0,Mar
289458,1,1,0,0,0,0,0,0,0,0,0,Mar
289792,0,0,0,0,0,0,0,0,0,0,0,Mar
289943,2,2,0,0,0,0,0,0,0,0,0,Mar
290537,8,5,3,0,0,0,0,0,0,0,2,Mar
290566,3,2,1,0,1,0,0,0,0,0,0,Mar
291303,3,2,1,0,0,0,0,0,0,0,0,Mar
291608,7,4,3,0,0,0,0,0,0,0,2,Mar
292360,0,0,0,0,0,0,0,0,0,0,0,Mar
292450,9,5,4,0,0,0,0,0,0,0,6,Mar
292560,2,1,1,0,0,0,0,0,0,0,2,Mar
293538,35,18,17,0,0,0,0,0,0,0,21,Mar
293549,0,0,0,0,0,0,0,0,0,0,0,Mar
293853,4,2,2,0,0,0,0,0,0,0,2,Mar
293874,0,0,0,0,0,0,0,0,0,0,0,Mar
295488,3,3,0,0,0,0,0,0,0,0,0,Mar
295687,0,0,0,0,0,0,0,0,0,0,0,Mar
296002,2,1,1,0,0,0,0,0,0,0,2,Mar
296209,0,0,0,0,0,0,0,0,0,0,0,Mar
296470,2,1,1,0,0,0,0,0,0,0,0,Mar
296498,4,3,1,0,0,0,0,0,0,0,2,Mar
296509,0,0,0,0,0,0,0,0,0,0,0,Mar
296576,5,4,1,0,0,0,0,0,0,0,0,Mar
296577,2,1,1,0,0,0,0,0,0,0,2,Mar
296877,0,0,0,0,0,0,0,0,0,0,0,Mar
296991,7,5,2,0,0,0,0,0,0,0,2,Mar
297453,0,0,0,0,0,0,0,0,0,0,0,Mar
297455,0,0,0,0,0,0,0,0,0,0,0,Mar
297666,5,3,2,0,0,0,0,0,0,0,0,Mar
298078,3,2,1,0,0,0,0,0,0,0,0,Mar
298145,2,1,1,0,0,0,0,0,0,0,0,Mar
299849,0,0,0,0,0,0,0,0,0,0,0,Mar
299868,5,4,1,0,0,0,0,0,0,0,0,Mar
299949,0,0,0,0,0,0,0,0,0,0,0,Mar
299971,0,0,0,0,0,0,0,0,0,0,0,Mar
300013,0,0,0,0,0,0,0,0,0,0,0,Mar
300018,0,0,0,0,0,0,0,0,0,0,0,Mar
300482,0,0,0,0,0,0,0,0,0,0,0,Mar
300727,4,2,2,0,0,0,0,0,0,0,0,Mar
301071,0,0,0,0,0,0,0,0,0,0,0,Mar
301147,2,1,1,0,0,0,0,0,0,0,2,Mar
301240,0,0,0,0,0,0,0,0,0,0,0,Mar
302117,0,0,0,0,0,0,0,0,0,0,0,Mar
302130,1,1,0,0,0,0,0,0,0,0,0,Mar
302281,4,2,2,0,0,0,0,0,0,0,4,Mar
302559,0,0,0,0,0,0,0,0,0,0,0,Mar
303632,0,0,0,0,0,0,0,0,0,0,0,Mar
305718,1,1,0,0,0,0,0,0,0,0,0,Mar
305721,8,4,4,0,0,0,0,0,0,0,0,Mar
306150,0,0,0,0,0,0,0,0,0,0,0,Mar
306254,2,2,0,0,0,0,0,0,0,0,0,Mar
307882,3,2,1,0,1,0,0,0,0,0,0,Mar
315464,10,6,4,0,0,0,0,0,0,0,2,Mar
315640,18,9,9,0,0,0,0,0,0,0,18,Mar
321039,0,0,0,0,0,0,0,0,0,0,0,Mar
321053,0,0,0,0,0,0,0,0,0,0,0,Mar
321194,2,1,1,0,0,0,0,0,0,0,2,Mar
322650,0,0,0,0,0,0,0,0,0,0,0,Mar
322680,0,0,0,0,0,0,0,0,0,0,0,Mar
322682,4,2,2,0,0,0,0,0,0,0,0,Mar
325654,8,4,4,0,0,0,0,0,0,0,8,Mar
331300,0,0,0,0,0,0,0,0,0,0,0,Mar
332603,5,3,2,0,0,0,0,0,0,0,4,Mar
335376,6,3,3,0,0,0,0,0,0,0,6,Mar
335439,0,0,0,0,0,0,0,0,0,0,0,Mar
335561,36,30,6,0,0,0,0,0,0,0,0,Mar
335576,2,2,0,0,0,0,0,0,0,0,0,Mar
335699,4,2,2,0,0,0,0,0,0,0,0,Mar
335912,2,2,0,0,0,0,0,0,0,0,0,Mar
336207,2,2,0,0,0,0,0,0,0,0,0,Mar
338352,4,2,2,0,0,0,0,0,0,0,4,Mar
338383,0,0,0,0,0,0,0,0,0,0,0,Mar
339583,0,0,0,0,0,0,0,0,0,0,0,Mar
341869,0,0,0,0,0,0,0,0,0,0,0,Mar
342278,0,0,0,0,0,0,0,0,0,0,0,Mar
342292,8,4,4,0,0,0,0,0,0,0,8,Mar
344111,0,0,0,0,0,0,0,0,0,0,0,Mar
344413,0,0,0,0,0,0,0,0,0,0,0,Mar
348200,0,0,0,0,0,0,0,0,0,0,0,Mar
351250,0,0,0,0,0,0,0,0,0,0,0,Mar
352447,2,1,1,0,0,0,0,0,0,0,0,Mar
352616,2,1,1,0,0,0,0,0,0,0,0,Mar
361020,6,3,3,0,0,0,0,0,0,0,2,Mar
361067,4,2,2,0,0,0,0,0,0,0,4,Mar
365178,1,1,0,0,0,0,0,0,0,0,0,Mar
567454,5,3,2,0,0,0,0,0,0,0,4,Mar
